age,allergy_peanut,allergy_cashew,login_30d,view_cashew_30d,view_peanut_30d,click_rec_cashew_30d,click_rec_peanut_30d,purchase_cashew_90d,purchase_peanut_90d,days_since_last_purchase,days_since_last_active,label_confidence,gender_female,gender_male,activity_high,activity_low,activity_moderate,goal_energy,goal_healthy,goal_snack,source_general,source_history,source_questionnaire
35,0,0,3,10,11,3,5,1,0,41,1,0.651,True,False,False,False,True,True,False,False,True,False,False
38,0,0,8,7,12,1,2,0,1,55,6,0.784,False,True,True,False,False,False,False,True,False,True,False
44,0,0,7,8,11,2,3,1,0,29,4,0.738,True,False,False,False,True,True,False,False,False,True,False
20,0,0,7,6,5,3,1,0,0,18,9,0.567,True,False,False,False,True,False,True,False,False,True,False
31,1,0,6,4,5,2,2,1,0,27,6,0.85,True,False,False,False,True,False,False,True,False,False,True
20,0,0,5,7,4,1,3,0,1,39,3,0.75,True,False,True,False,False,False,True,False,False,False,True
36,0,0,7,8,10,0,1,0,0,10,10,0.784,True,False,False,False,True,False,True,False,False,False,True
30,0,0,4,4,4,0,1,2,0,32,0,0.693,True,False,False,True,False,False,True,False,False,False,True
24,0,1,11,6,13,0,5,1,1,34,3,0.85,True,False,True,False,False,True,False,False,True,False,False
29,0,0,7,7,10,3,6,1,0,10,16,0.711,True,False,True,False,False,False,True,False,True,False,False
27,0,0,4,10,8,4,0,1,0,13,1,0.754,True,False,False,True,False,True,False,False,False,True,False
38,0,0,6,4,2,1,1,0,0,36,8,0.597,False,True,False,True,False,False,False,True,False,False,True
38,0,0,7,5,8,0,2,0,0,73,0,0.95,True,False,True,False,False,True,False,False,False,False,True
20,0,0,6,6,9,0,2,0,1,25,9,0.71,False,True,False,False,True,True,False,False,False,True,False
45,0,0,8,6,7,4,2,1,0,51,9,0.872,True,False,True,False,False,True,False,False,False,False,True
39,0,0,7,9,11,2,0,1,3,7,12,0.883,True,False,True,False,False,True,False,False,False,False,True
23,0,0,9,7,7,0,4,0,2,31,14,0.754,True,False,True,False,False,False,True,False,False,False,True
19,0,0,1,4,0,0,1,2,1,0,8,0.703,True,False,False,True,False,False,False,True,False,True,False
23,0,0,5,9,9,3,3,0,0,32,9,0.645,True,False,False,True,False,True,False,False,False,False,True
28,0,0,7,8,7,7,1,0,3,26,7,0.778,True,False,False,False,True,False,False,True,False,True,False
45,0,0,4,6,7,2,3,1,1,22,5,0.598,False,True,False,False,True,False,False,True,False,True,False
43,0,0,0,4,10,0,3,2,2,33,15,0.694,True,False,False,True,False,True,False,False,False,False,True
40,0,0,4,6,0,3,0,0,0,23,9,0.707,False,True,False,True,False,False,True,False,True,False,False
21,0,0,5,8,12,6,3,1,2,19,8,0.653,True,False,False,False,True,False,True,False,False,True,False
41,0,0,6,6,8,2,3,0,2,14,7,0.63,True,False,False,False,True,True,False,False,False,False,True
38,0,0,8,11,8,2,3,0,2,2,4,0.563,True,False,True,False,False,False,True,False,False,False,True
37,0,0,4,1,7,0,2,1,1,47,2,0.82,True,False,False,True,False,True,False,False,True,False,False
33,0,0,8,13,9,1,1,1,0,46,3,0.675,True,False,True,False,False,True,False,False,False,False,True
24,0,0,6,9,7,3,2,4,0,29,2,0.861,True,False,False,False,True,False,True,False,False,True,False
31,0,0,4,6,6,3,2,0,0,39,1,0.618,True,False,False,True,False,True,False,False,True,False,False
42,0,0,11,4,4,1,4,0,1,67,0,0.719,True,False,True,False,False,False,True,False,True,False,False
31,0,0,4,7,7,3,0,1,0,39,0,0.73,True,False,False,False,True,False,False,True,False,False,True
28,1,0,4,4,4,4,0,0,2,80,4,0.85,False,True,False,True,False,False,True,False,True,False,False
24,0,0,3,5,8,2,0,1,0,68,5,0.711,True,False,False,True,False,True,False,False,False,False,True
33,0,0,4,7,4,0,2,0,0,49,8,0.669,True,False,False,False,True,True,False,False,False,False,True
26,0,0,8,12,8,2,1,1,2,26,4,0.801,False,True,True,False,False,True,False,False,False,True,False
44,0,0,3,3,8,3,0,0,1,31,10,0.796,False,True,False,True,False,True,False,False,False,False,True
42,0,0,5,10,0,0,0,2,0,48,0,0.628,False,True,False,False,True,False,True,False,False,False,True
34,1,0,9,12,7,0,2,1,3,44,4,0.85,False,True,True,False,False,True,False,False,False,False,True
43,0,0,6,9,7,4,3,1,0,36,3,0.809,True,False,False,False,True,False,False,True,False,False,True
40,0,0,2,7,9,5,4,1,1,35,5,0.799,True,False,False,False,True,True,False,False,False,False,True
18,1,0,5,6,2,0,1,1,2,54,6,0.85,True,False,False,True,False,False,True,False,False,True,False
44,0,0,6,4,5,4,0,0,0,35,7,0.719,True,False,False,False,True,False,True,False,False,False,True
38,0,0,8,13,8,7,2,4,0,37,9,0.769,True,False,False,False,True,True,False,False,True,False,False
17,0,0,6,1,11,0,0,0,0,22,11,0.845,True,False,False,False,True,True,False,False,False,False,True
30,0,0,3,5,5,1,2,2,0,13,0,0.646,False,True,False,True,False,False,True,False,True,False,False
29,0,0,4,4,7,0,3,0,0,63,3,0.85,True,False,False,False,True,False,True,False,False,False,True
19,0,0,9,12,12,6,0,0,0,37,3,0.95,False,True,True,False,False,True,False,False,False,False,True
28,0,0,4,3,8,3,4,1,2,43,14,0.711,False,True,False,True,False,True,False,False,True,False,False
22,0,0,6,12,6,7,1,2,3,37,0,0.68,True,False,True,False,False,False,True,False,False,False,True
25,0,0,3,4,12,0,0,1,1,7,8,0.731,False,True,False,False,True,True,False,False,False,False,True
18,0,0,10,13,11,3,3,2,1,37,11,0.611,False,True,True,False,False,False,True,False,True,False,False
30,0,1,6,4,0,0,0,0,0,28,10,0.85,False,True,False,True,False,False,True,False,False,True,False
22,0,0,7,6,3,2,0,0,1,24,11,0.726,True,False,False,False,True,False,False,True,False,True,False
37,0,0,3,6,9,6,0,3,0,42,7,0.615,True,False,False,False,True,True,False,False,True,False,False
23,0,0,7,7,7,1,0,0,0,58,23,0.95,True,False,True,False,False,True,False,False,False,False,True
44,0,0,2,2,4,2,1,0,2,63,9,0.689,True,False,False,True,False,False,False,True,False,True,False
30,0,0,6,9,9,2,0,0,0,36,13,0.613,False,True,False,True,False,False,True,False,False,False,True
31,0,0,5,0,2,0,0,2,0,58,7,0.69,False,True,False,False,True,False,False,True,False,False,True
38,0,0,4,10,12,3,5,1,0,47,7,0.848,True,False,False,False,True,True,False,False,False,False,True
30,0,0,9,6,8,0,0,0,0,33,0,0.803,False,True,False,False,True,True,False,False,False,True,False
24,0,1,4,8,8,2,5,2,0,48,18,0.85,True,False,False,False,True,False,True,False,False,True,False
17,0,0,2,3,12,1,5,0,0,22,0,0.586,False,True,False,True,False,False,True,False,False,False,True
34,0,0,8,8,4,3,2,0,0,13,7,0.739,False,True,True,False,False,False,False,True,False,True,False
35,0,0,3,3,0,0,0,1,2,20,8,0.688,False,True,False,True,False,False,False,True,False,True,False
27,0,0,3,6,5,3,3,1,3,61,4,0.699,False,True,False,True,False,True,False,False,False,True,False
34,0,0,5,8,5,2,5,2,1,27,4,0.882,True,False,False,False,True,True,False,False,False,True,False
44,0,0,8,10,9,0,0,2,0,28,0,0.653,True,False,True,False,False,True,False,False,False,True,False
37,0,0,3,1,6,2,2,0,0,48,0,0.681,True,False,False,True,False,False,True,False,False,False,True
28,0,0,8,9,8,0,7,0,0,51,6,0.942,True,False,True,False,False,True,False,False,False,True,False
43,0,0,6,11,5,4,0,1,0,58,14,0.624,False,True,True,False,False,True,False,False,False,False,True
45,0,0,10,12,1,2,0,0,0,57,0,0.673,True,False,True,False,False,True,False,False,False,True,False
41,0,0,0,10,7,2,1,0,1,39,10,0.753,False,True,False,True,False,True,False,False,True,False,False
40,0,0,9,6,5,1,2,2,1,18,11,0.688,True,False,True,False,False,False,False,True,False,False,True
37,0,0,1,9,3,3,0,3,0,40,20,0.93,False,True,False,True,False,False,True,False,False,False,True
30,0,0,7,13,8,5,1,0,1,52,7,0.743,False,True,True,False,False,False,True,False,False,True,False
34,0,0,0,5,10,2,4,0,1,48,2,0.811,False,True,False,True,False,False,True,False,False,True,False
21,0,0,6,4,11,0,2,0,2,40,5,0.623,False,True,False,False,True,True,False,False,False,True,False
22,0,0,2,10,4,0,0,0,0,31,4,0.72,False,True,False,True,False,False,True,False,False,False,True
17,0,0,3,9,1,0,3,0,2,39,6,0.786,True,False,False,False,True,False,True,False,False,True,False
45,0,0,2,4,10,3,2,0,1,20,0,0.78,False,True,False,True,False,True,False,False,False,False,True
44,0,0,2,3,6,3,0,1,2,32,10,0.639,False,True,False,False,True,False,True,False,False,False,True
21,0,0,4,7,6,2,5,0,1,55,14,0.716,False,True,False,True,False,False,True,False,False,False,True
30,0,0,7,4,8,7,0,2,0,45,7,0.582,False,True,True,False,False,False,False,True,False,True,False
34,0,0,3,7,11,0,5,0,0,8,10,0.95,True,False,False,True,False,True,False,False,True,False,False
23,0,0,6,6,5,0,2,0,1,37,21,0.747,True,False,False,False,True,False,True,False,False,False,True
19,0,0,5,6,4,0,3,1,0,29,0,0.662,False,True,False,False,True,False,False,True,False,False,True
31,0,0,2,1,3,0,2,0,4,3,8,0.721,False,True,False,False,True,False,False,True,False,False,True
27,0,0,0,9,6,0,2,0,0,45,0,0.899,True,False,False,False,True,False,True,False,False,True,False
19,0,0,3,6,7,0,1,1,0,31,2,0.659,True,False,False,True,False,True,False,False,False,True,False
40,0,0,3,3,3,0,3,1,3,75,0,0.606,False,True,False,False,True,False,False,True,False,False,True
36,0,0,9,5,5,0,5,2,1,10,8,0.725,True,False,False,True,False,False,True,False,False,False,True
28,0,0,9,3,7,1,1,0,0,29,6,0.626,True,False,True,False,False,False,True,False,False,False,True
35,0,0,5,10,0,0,1,0,0,26,10,0.78,False,True,False,False,True,False,True,False,False,True,False
37,0,0,1,5,7,1,0,1,1,36,8,0.643,True,False,False,True,False,False,True,False,False,True,False
26,0,0,1,5,10,0,3,0,1,43,2,0.872,False,True,False,True,False,True,False,False,True,False,False
32,0,1,6,6,10,3,1,0,0,15,0,0.85,False,True,False,False,True,True,False,False,False,True,False
27,1,0,1,7,3,3,3,0,0,0,5,0.85,False,True,False,True,False,True,False,False,False,True,False
19,1,0,7,8,9,3,1,1,1,0,14,0.85,True,False,True,False,False,True,False,False,True,False,False
33,0,0,3,5,6,3,3,0,0,19,14,0.95,False,True,False,False,True,True,False,False,False,True,False
22,0,0,1,3,2,0,5,0,1,3,3,0.595,False,True,False,False,True,False,False,True,False,False,True
29,0,0,4,8,10,2,2,1,0,29,7,0.725,True,False,False,False,True,True,False,False,True,False,False
39,0,0,1,5,6,0,0,0,1,44,8,0.753,False,True,False,True,False,False,True,False,False,False,True
25,1,0,6,1,8,0,0,2,1,12,17,0.85,True,False,False,False,True,False,False,True,True,False,False
45,0,0,3,2,1,2,0,1,0,58,4,0.814,True,False,False,True,False,False,True,False,True,False,False
28,0,0,9,5,5,0,3,1,1,14,11,0.929,False,True,False,False,True,True,False,False,False,True,False
36,0,0,10,7,7,1,1,2,0,44,5,0.677,False,True,True,False,False,False,False,True,False,True,False
23,0,0,1,7,9,0,3,2,2,33,4,0.836,False,True,False,True,False,True,False,False,False,False,True
38,0,0,8,6,0,0,2,0,0,60,0,0.593,True,False,False,False,True,False,False,True,False,True,False
29,0,0,5,9,11,2,1,0,0,38,20,0.8,False,True,False,False,True,True,False,False,False,False,True
44,0,0,8,10,6,2,7,1,0,22,1,0.735,True,False,True,False,False,False,False,True,False,True,False
31,0,0,3,9,7,1,0,2,1,45,14,0.87,False,True,False,False,True,True,False,False,True,False,False
26,0,0,6,9,5,6,2,0,0,3,7,0.772,False,True,False,False,True,False,True,False,False,False,True
27,0,0,3,6,7,0,1,0,0,45,13,0.718,True,False,False,True,False,True,False,False,False,False,True
27,0,0,5,5,3,0,1,0,0,20,0,0.723,False,True,False,False,True,False,False,True,False,False,True
23,0,0,3,7,6,0,1,2,0,9,12,0.812,True,False,False,False,True,False,True,False,False,False,True
34,0,0,3,6,6,4,3,0,0,37,5,0.703,False,True,False,False,True,False,False,True,False,True,False
22,0,0,5,0,1,4,0,0,2,35,13,0.701,True,False,False,False,True,False,False,True,False,False,True
23,0,0,7,10,17,1,3,0,0,18,0,0.831,False,True,False,False,True,True,False,False,False,False,True
40,0,0,5,6,6,1,2,4,0,42,14,0.732,True,False,False,False,True,False,False,True,False,False,True
18,0,0,5,6,9,7,4,3,2,61,5,0.834,True,False,False,False,True,True,False,False,False,True,False
34,0,0,3,7,4,0,1,0,2,63,16,0.787,True,False,False,True,False,True,False,False,False,False,True
43,0,0,3,11,4,0,2,0,0,33,5,0.909,False,True,False,True,False,False,True,False,False,False,True
26,0,0,8,3,8,0,0,0,0,23,10,0.759,True,False,True,False,False,False,True,False,False,True,False
25,0,0,4,4,11,0,0,2,2,21,3,0.9,True,False,False,False,True,False,True,False,False,False,True
37,0,0,5,12,4,5,0,1,0,17,1,0.696,True,False,False,False,True,True,False,False,False,False,True
44,0,1,7,9,7,1,3,0,0,36,12,0.85,True,False,False,False,True,True,False,False,False,True,False
19,0,0,10,10,10,2,2,1,1,18,7,0.95,False,True,True,False,False,True,False,False,False,False,True
32,1,0,7,9,5,4,0,2,0,54,20,0.85,True,False,False,False,True,False,False,True,False,False,True
25,1,0,6,7,11,1,2,3,1,49,7,0.85,True,False,False,True,False,True,False,False,False,False,True
27,0,1,9,7,5,1,3,0,2,44,8,0.85,True,False,False,False,True,False,False,True,False,False,True
20,0,0,6,10,10,2,2,3,0,43,0,0.778,False,True,True,False,False,True,False,False,False,False,True
26,0,0,8,12,12,1,3,1,0,43,20,0.787,False,True,False,False,True,True,False,False,True,False,False
42,0,0,7,7,7,3,4,1,3,40,10,0.769,True,False,False,False,True,False,True,False,False,False,True
23,0,0,8,5,6,4,0,0,0,49,0,0.78,True,False,False,False,True,False,False,True,False,False,True
29,0,0,4,5,11,2,2,0,2,61,2,0.662,False,True,False,False,True,False,True,False,False,False,True
28,0,1,8,4,8,1,0,0,2,32,16,0.85,True,False,True,False,False,False,False,True,False,False,True
45,0,0,4,3,7,2,0,0,0,9,4,0.687,False,True,False,True,False,True,False,False,True,False,False
43,0,0,8,9,4,3,3,0,2,22,0,0.633,False,True,False,False,True,True,False,False,False,False,True
17,0,0,7,6,5,2,0,2,0,50,14,0.57,False,True,False,False,True,False,False,True,False,False,True
40,0,0,7,6,6,4,0,1,2,3,8,0.725,False,True,True,False,False,False,False,True,False,False,True
44,0,0,7,7,7,1,7,2,0,46,2,0.95,False,True,True,False,False,True,False,False,False,True,False
23,0,0,5,7,8,7,3,0,1,16,16,0.806,True,False,False,False,True,True,False,False,False,False,True
34,0,0,3,5,12,3,4,0,1,23,5,0.765,True,False,False,False,True,True,False,False,False,False,True
33,1,0,2,5,4,0,1,0,0,49,11,0.85,True,False,False,True,False,False,True,False,False,False,True
31,0,0,1,9,11,0,4,0,1,39,14,0.747,False,True,False,True,False,True,False,False,True,False,False
45,0,0,9,8,11,5,3,0,3,33,7,0.563,False,True,True,False,False,False,True,False,False,True,False
24,0,0,6,1,4,0,0,0,0,11,3,0.717,True,False,False,False,True,False,True,False,False,True,False
29,0,0,6,5,4,2,1,0,0,13,12,0.666,False,True,True,False,False,False,False,True,True,False,False
41,0,0,1,8,4,6,1,0,1,70,16,0.946,True,False,False,True,False,False,True,False,False,True,False
18,0,0,4,2,4,0,3,2,2,21,0,0.783,True,False,False,True,False,False,True,False,False,True,False
36,0,0,4,6,8,0,4,0,0,0,0,0.748,False,True,False,True,False,False,False,True,False,False,True
24,0,0,8,5,15,1,6,0,1,24,7,0.744,True,False,False,False,True,True,False,False,False,True,False
36,0,0,10,9,15,3,7,1,3,33,21,0.936,False,True,True,False,False,True,False,False,False,True,False
22,0,0,4,6,3,4,0,2,4,28,4,0.774,True,False,False,False,True,True,False,False,True,False,False
30,0,0,8,4,5,1,3,0,0,39,6,0.732,True,False,True,False,False,False,False,True,True,False,False
35,0,0,7,5,9,2,2,1,1,51,15,0.706,False,True,True,False,False,True,False,False,False,False,True
24,0,0,7,15,8,3,2,1,1,72,1,0.567,True,False,True,False,False,False,True,False,True,False,False
38,0,0,6,5,11,0,2,1,0,18,7,0.892,True,False,True,False,False,True,False,False,False,False,True
23,0,0,1,4,7,3,2,1,1,37,0,0.732,False,True,False,True,False,False,True,False,True,False,False
19,0,1,5,9,11,4,4,1,1,34,9,0.85,True,False,True,False,False,True,False,False,False,False,True
41,0,0,7,5,17,1,5,0,1,50,6,0.693,False,True,False,True,False,True,False,False,False,False,True
40,0,0,0,4,5,2,2,1,0,41,1,0.731,True,False,False,True,False,False,True,False,False,False,True
42,0,0,8,7,3,0,0,1,1,10,1,0.729,False,True,True,False,False,False,False,True,False,False,True
26,0,0,3,7,3,1,3,0,2,42,4,0.742,False,True,False,True,False,False,False,True,True,False,False
21,0,0,7,14,9,6,2,0,0,39,3,0.681,True,False,False,False,True,False,True,False,False,False,True
45,0,0,2,8,11,3,5,0,2,19,8,0.789,True,False,False,True,False,True,False,False,False,False,True
21,0,0,6,9,5,6,0,0,0,15,8,0.804,True,False,True,False,False,False,True,False,False,True,False
21,0,0,4,1,3,2,0,0,0,66,11,0.633,False,True,False,False,True,False,True,False,False,True,False
24,0,0,6,5,11,2,3,0,1,44,19,0.791,True,False,False,False,True,True,False,False,False,True,False
42,0,0,5,7,12,3,3,0,2,48,0,0.847,True,False,False,False,True,True,False,False,False,True,False
32,0,0,3,5,6,1,1,1,0,5,4,0.767,True,False,True,False,False,False,False,True,False,True,False
41,0,0,6,9,4,2,0,0,0,16,7,0.913,False,True,False,False,True,False,True,False,False,False,True
39,0,0,2,1,3,0,0,1,0,17,5,0.735,False,True,False,False,True,False,False,True,False,False,True
30,0,0,1,1,6,0,3,1,0,30,0,0.802,True,False,False,True,False,True,False,False,False,True,False
25,0,0,8,8,0,0,0,0,0,36,7,0.685,True,False,True,False,False,False,True,False,False,True,False
33,0,0,6,13,8,0,5,0,1,11,10,0.743,False,True,False,False,True,False,True,False,False,True,False
34,0,0,7,5,6,0,3,3,2,61,1,0.783,False,True,False,False,True,False,True,False,False,False,True
42,0,0,10,2,14,2,0,0,2,44,0,0.692,True,False,True,False,False,True,False,False,False,False,True
32,0,0,8,9,10,2,0,0,0,39,15,0.917,True,False,True,False,False,True,False,False,True,False,False
19,0,0,10,7,8,3,0,1,0,23,13,0.555,True,False,True,False,False,False,True,False,False,True,False
24,0,0,6,5,0,0,0,2,0,58,9,0.794,True,False,False,True,False,False,False,True,False,False,True
35,0,0,4,3,10,3,1,1,0,13,13,0.801,False,True,False,False,True,False,False,True,False,True,False
35,0,0,10,13,12,1,4,1,2,49,9,0.822,False,True,True,False,False,True,False,False,False,False,True
23,0,0,7,9,13,0,4,0,0,34,15,0.639,True,False,True,False,False,False,True,False,False,False,True
18,0,0,8,7,8,0,5,1,1,46,2,0.611,False,True,False,False,True,False,True,False,False,False,True
29,0,0,4,4,2,3,0,3,0,18,14,0.816,True,False,False,True,False,False,True,False,False,True,False
34,0,0,2,10,5,1,1,0,2,27,15,0.709,True,False,False,False,True,False,False,True,False,False,True
40,0,0,3,6,9,1,3,0,0,35,0,0.897,False,True,False,True,False,True,False,False,True,False,False
17,0,0,7,6,12,2,2,0,1,13,9,0.78,False,True,True,False,False,True,False,False,False,False,True
19,0,0,5,4,10,0,1,0,1,30,5,0.849,True,False,True,False,False,True,False,False,False,True,False
31,0,0,4,7,8,3,4,2,0,59,8,0.679,False,True,False,True,False,True,False,False,False,False,True
29,0,0,8,3,4,0,0,0,1,85,4,0.842,False,True,False,False,True,False,False,True,False,True,False
37,0,0,7,4,11,0,2,1,1,45,6,0.867,False,True,True,False,False,True,False,False,False,True,False
40,1,0,3,4,10,1,0,1,0,17,15,0.85,False,True,False,False,True,True,False,False,False,False,True
22,0,0,3,1,2,2,0,0,0,31,8,0.95,True,False,False,True,False,False,True,False,False,True,False
26,0,0,5,4,8,1,5,0,2,57,6,0.779,False,True,False,True,False,True,False,False,False,False,True
43,0,0,8,8,11,2,2,0,0,33,8,0.606,True,False,False,False,True,True,False,False,True,False,False
26,0,0,4,7,3,0,1,0,1,13,11,0.944,True,False,False,False,True,True,False,False,False,False,True
22,0,0,1,2,9,0,3,0,1,26,15,0.858,True,False,False,True,False,True,False,False,False,False,True
18,0,0,0,4,8,0,0,3,0,40,10,0.891,False,True,False,False,True,False,True,False,False,False,True
36,0,0,4,3,2,0,0,0,0,42,8,0.652,True,False,False,False,True,True,False,False,False,True,False
32,0,0,7,8,12,3,3,2,1,36,15,0.674,False,True,False,False,True,True,False,False,False,True,False
18,0,0,6,15,10,3,3,0,0,52,3,0.95,False,True,True,False,False,True,False,False,False,True,False
41,0,0,5,3,11,1,6,0,1,40,5,0.944,False,True,True,False,False,True,False,False,False,True,False
40,0,0,3,8,6,1,0,1,0,53,5,0.644,True,False,False,False,True,True,False,False,False,False,True
23,0,0,3,10,7,3,3,3,1,32,16,0.882,False,True,False,False,True,False,True,False,False,True,False
26,0,0,5,6,1,1,1,1,0,37,20,0.691,False,True,False,False,True,False,False,True,False,False,True
31,0,0,2,5,5,3,1,1,0,45,9,0.736,True,False,False,True,False,False,True,False,True,False,False
18,0,0,3,6,0,1,0,0,2,13,2,0.604,True,False,False,True,False,False,True,False,False,False,True
39,0,0,3,0,4,2,6,0,0,13,10,0.829,True,False,False,False,True,False,False,True,False,True,False
43,0,0,0,8,8,2,3,1,0,44,2,0.733,True,False,False,True,False,False,False,True,False,False,True
20,0,0,3,9,4,2,0,2,0,41,6,0.726,True,False,False,True,False,False,True,False,False,False,True
28,0,0,6,0,8,4,2,0,0,61,9,0.76,False,True,False,True,False,True,False,False,True,False,False
22,0,0,4,7,11,0,1,0,1,54,10,0.812,True,False,True,False,False,True,False,False,False,False,True
19,0,1,10,5,6,2,1,0,3,53,11,0.85,False,True,False,False,True,False,False,True,False,False,True
34,0,0,6,13,10,3,3,2,2,28,7,0.695,True,False,False,False,True,False,True,False,False,True,False
39,0,0,6,15,1,2,1,1,3,22,12,0.628,False,True,False,False,True,False,False,True,False,True,False
18,1,0,7,5,7,0,2,0,1,44,3,0.85,True,False,True,False,False,True,False,False,False,False,True
31,0,0,8,11,9,4,1,0,0,41,13,0.725,True,False,True,False,False,True,False,False,False,False,True
34,1,0,3,11,1,4,0,0,3,22,2,0.85,False,True,False,False,True,True,False,False,True,False,False
18,0,0,3,3,7,0,1,0,0,39,19,0.791,False,True,False,True,False,False,False,True,False,False,True
21,1,0,6,5,16,0,4,0,1,18,4,0.85,False,True,True,False,False,False,True,False,False,False,True
19,0,0,4,5,4,0,3,0,0,24,9,0.696,True,False,False,False,True,False,False,True,False,False,True
35,0,0,7,6,8,5,3,1,0,24,0,0.664,True,False,False,False,True,True,False,False,False,False,True
17,0,0,2,7,5,0,5,0,1,22,11,0.599,False,True,False,False,True,False,True,False,False,False,True
41,0,0,4,6,7,0,0,0,0,22,16,0.833,True,False,False,True,False,True,False,False,False,False,True
39,0,0,1,10,9,3,5,2,2,9,2,0.866,True,False,False,True,False,True,False,False,False,False,True
39,0,0,5,13,9,2,4,0,0,40,0,0.787,False,True,False,False,True,False,True,False,False,False,True
23,0,0,4,8,12,1,2,0,1,41,6,0.798,True,False,False,True,False,False,True,False,False,False,True
33,0,0,11,11,8,4,3,0,2,42,8,0.881,False,True,True,False,False,True,False,False,False,False,True
22,0,0,4,4,7,0,1,0,1,25,0,0.858,False,True,False,False,True,False,True,False,False,False,True
20,0,0,7,12,8,3,4,2,0,29,0,0.872,True,False,True,False,False,True,False,False,False,True,False
27,1,0,6,12,5,3,2,0,1,15,11,0.85,False,True,False,False,True,True,False,False,False,True,False
30,0,0,5,11,8,1,3,3,3,41,9,0.673,True,False,True,False,False,True,False,False,False,False,True
37,0,0,5,9,10,2,6,1,2,53,9,0.638,False,True,False,False,True,True,False,False,False,False,True
38,0,0,6,12,1,2,2,3,1,29,11,0.877,True,False,False,False,True,False,True,False,False,False,True
18,0,0,3,11,3,2,1,3,0,23,3,0.95,False,True,False,False,True,False,True,False,False,False,True
43,0,0,6,5,11,0,1,0,0,18,0,0.635,True,False,False,False,True,True,False,False,False,False,True
40,0,0,3,5,3,2,0,0,1,42,4,0.679,True,False,False,False,True,False,False,True,False,False,True
29,0,0,8,9,9,4,6,0,0,26,10,0.555,False,True,False,True,False,False,True,False,False,False,True
31,0,0,2,4,1,0,0,0,2,40,8,0.747,False,True,False,True,False,False,True,False,False,True,False
44,0,0,4,8,10,3,2,0,1,42,3,0.623,False,True,False,True,False,True,False,False,False,False,True
34,0,0,6,9,13,2,1,1,0,32,5,0.717,False,True,True,False,False,True,False,False,False,False,True
40,0,1,3,4,3,2,2,0,0,3,12,0.85,False,True,False,True,False,False,False,True,False,False,True
32,0,0,6,12,10,4,1,2,0,63,8,0.668,True,False,False,False,True,False,True,False,False,False,True
29,0,0,7,4,7,1,0,0,0,70,10,0.802,False,True,False,False,True,False,True,False,False,False,True
18,0,0,5,7,5,4,0,0,3,24,3,0.568,True,False,False,False,True,False,False,True,False,True,False
39,0,0,2,6,7,4,1,2,0,26,5,0.771,False,True,False,False,True,True,False,False,False,False,True
34,0,0,4,7,5,0,0,0,1,51,10,0.783,True,False,False,True,False,True,False,False,True,False,False
19,0,0,6,7,2,3,2,1,0,36,1,0.776,False,True,True,False,False,False,True,False,False,False,True
26,0,0,6,4,4,2,0,0,1,28,8,0.841,True,False,False,False,True,False,True,False,False,False,True
23,0,0,6,7,4,0,1,0,0,72,14,0.849,True,False,False,True,False,False,True,False,False,False,True
20,0,0,3,7,8,1,4,0,0,9,13,0.747,True,False,False,True,False,False,True,False,False,True,False
45,0,0,6,2,8,0,3,0,0,21,6,0.692,False,True,False,False,True,False,True,False,False,False,True
23,0,0,5,1,8,0,1,1,1,26,3,0.702,False,True,False,False,True,False,True,False,False,False,True
44,0,0,4,5,7,4,0,1,0,4,18,0.723,False,True,False,False,True,False,False,True,False,False,True
33,0,0,5,5,7,1,0,0,0,22,9,0.842,True,False,False,True,False,False,True,False,False,True,False
23,0,0,7,9,9,0,1,0,1,21,13,0.807,True,False,True,False,False,True,False,False,False,False,True
39,0,0,3,9,1,4,0,0,0,35,2,0.939,True,False,False,True,False,False,True,False,False,False,True
27,0,0,3,9,6,2,1,0,0,36,7,0.847,True,False,False,True,False,True,False,False,False,True,False
26,0,0,7,14,6,6,2,2,0,50,2,0.68,True,False,True,False,False,False,True,False,False,True,False
17,0,0,8,9,6,2,3,0,2,76,1,0.867,False,True,True,False,False,True,False,False,False,False,True
40,0,0,3,5,8,3,5,1,2,31,2,0.72,False,True,False,True,False,True,False,False,False,False,True
30,0,0,5,4,9,1,0,0,0,42,9,0.823,True,False,False,False,True,True,False,False,False,False,True
41,0,0,2,10,5,3,4,1,0,23,9,0.75,False,True,False,False,True,False,False,True,True,False,False
27,0,0,5,11,6,3,1,0,3,31,19,0.792,False,True,False,True,False,False,False,True,False,True,False
32,0,0,5,5,2,1,2,1,1,60,12,0.708,False,True,False,False,True,False,False,True,False,False,True
18,0,0,0,3,4,0,2,1,0,27,10,0.7,False,True,False,True,False,False,True,False,True,False,False
37,0,0,3,5,6,1,3,0,0,71,3,0.735,False,True,False,True,False,False,True,False,False,True,False
21,0,0,7,16,9,5,0,1,2,65,15,0.696,True,False,True,False,False,False,False,True,False,False,True
44,0,0,7,3,4,2,0,2,2,23,10,0.738,False,True,True,False,False,True,False,False,False,False,True
28,0,0,6,8,3,0,3,3,1,18,9,0.917,False,True,False,False,True,False,True,False,False,False,True
39,0,0,10,13,7,3,4,2,0,16,9,0.71,False,True,True,False,False,False,True,False,True,False,False
40,0,0,3,5,10,5,1,2,1,41,9,0.7,True,False,False,False,True,False,False,True,False,False,True
35,0,0,1,7,7,0,5,1,1,24,8,0.605,False,True,False,False,True,True,False,False,False,True,False
17,0,0,9,4,6,5,0,3,0,67,11,0.686,False,True,False,False,True,False,False,True,True,False,False
35,0,0,7,3,3,2,4,2,0,30,1,0.738,False,True,False,False,True,False,False,True,False,False,True
29,0,0,6,11,1,5,0,2,0,35,8,0.95,False,True,False,False,True,False,True,False,False,False,True
19,0,0,6,10,5,0,3,0,0,34,11,0.712,True,False,False,False,True,False,True,False,False,True,False
21,0,0,4,5,9,2,3,0,0,48,6,0.604,True,False,False,False,True,True,False,False,False,False,True
37,0,0,6,1,13,1,5,1,1,15,6,0.921,True,False,False,False,True,True,False,False,False,True,False
33,0,0,6,4,6,2,3,0,1,25,7,0.699,True,False,False,False,True,True,False,False,True,False,False
45,0,1,7,8,7,3,3,0,0,0,0,0.85,False,True,False,False,True,True,False,False,False,True,False
37,0,0,8,2,7,0,1,0,2,49,1,0.812,False,True,False,False,True,True,False,False,False,True,False
40,0,0,6,7,6,2,0,0,0,45,0,0.698,False,True,False,False,True,False,True,False,False,False,True
21,0,0,8,8,12,1,3,0,1,43,3,0.95,True,False,True,False,False,True,False,False,True,False,False
33,0,0,5,3,0,2,2,0,1,26,1,0.615,True,False,False,True,False,False,False,True,False,False,True
40,0,0,1,6,9,3,3,1,1,31,2,0.685,True,False,False,True,False,True,False,False,False,True,False
43,0,0,8,11,8,1,5,1,0,33,6,0.852,True,False,True,False,False,True,False,False,False,True,False
34,0,0,7,2,11,4,0,3,0,51,6,0.929,False,True,False,False,True,True,False,False,False,False,True
27,0,0,2,4,1,1,1,0,1,45,3,0.845,True,False,False,False,True,False,True,False,False,False,True
39,0,0,5,6,4,0,2,0,1,35,5,0.701,True,False,False,False,True,False,False,True,False,True,False
31,0,0,2,12,13,4,1,3,0,30,15,0.794,True,False,False,False,True,True,False,False,False,False,True
35,0,0,1,5,7,2,2,0,2,0,9,0.892,True,False,False,True,False,False,False,True,False,False,True
44,0,0,7,9,2,1,3,0,0,35,15,0.667,False,True,True,False,False,False,True,False,False,False,True
20,0,0,4,8,8,0,0,0,0,41,8,0.697,False,True,False,True,False,False,True,False,False,True,False
26,0,0,7,3,4,0,4,0,1,56,10,0.734,True,False,False,True,False,False,False,True,False,False,True
20,0,0,1,4,8,5,3,0,0,59,13,0.69,True,False,False,True,False,True,False,False,False,True,False
35,0,0,0,8,11,1,2,0,0,24,0,0.627,False,True,False,True,False,True,False,False,False,True,False
27,0,0,4,3,9,0,0,1,1,80,4,0.704,True,False,False,False,True,True,False,False,False,False,True
25,0,0,4,4,5,2,4,1,2,61,10,0.713,False,True,False,False,True,False,False,True,True,False,False
31,0,0,8,9,9,0,3,0,0,29,14,0.743,False,True,False,False,True,False,False,True,True,False,False
45,0,0,7,10,8,2,2,1,3,41,18,0.643,False,True,False,False,True,True,False,False,False,False,True
27,0,0,6,7,9,2,2,0,1,65,5,0.669,True,False,False,True,False,True,False,False,True,False,False
18,0,0,3,7,7,1,5,4,0,12,1,0.776,False,True,False,True,False,True,False,False,False,False,True
18,0,0,1,6,5,3,0,0,1,0,14,0.802,False,True,False,True,False,False,False,True,False,False,True
18,0,0,5,2,7,0,4,0,0,63,6,0.735,True,False,False,False,True,False,False,True,False,False,True
19,0,0,6,4,3,0,0,0,0,61,5,0.86,False,True,False,True,False,False,False,True,False,False,True
26,0,0,1,2,9,4,3,0,1,34,12,0.726,True,False,False,True,False,True,False,False,False,False,True
40,0,0,5,4,6,3,0,2,0,33,0,0.749,True,False,False,False,True,True,False,False,False,False,True
28,0,0,6,6,4,1,2,0,1,73,6,0.692,False,True,False,False,True,False,True,False,True,False,False
41,0,0,1,12,5,4,0,0,0,54,3,0.558,False,True,False,True,False,False,True,False,False,False,True
27,0,0,1,2,10,1,3,0,4,18,19,0.871,True,False,False,True,False,True,False,False,False,False,True
31,0,0,2,7,4,1,0,1,2,52,1,0.628,True,False,False,True,False,True,False,False,False,False,True
22,0,0,4,4,4,1,0,1,2,11,0,0.726,False,True,False,False,True,False,False,True,True,False,False
30,0,0,8,6,9,2,4,0,2,34,0,0.927,False,True,False,False,True,True,False,False,False,False,True
43,0,0,3,12,8,1,0,0,3,72,0,0.856,True,False,True,False,False,True,False,False,False,True,False
44,0,0,0,7,12,4,0,0,0,65,8,0.663,False,True,False,False,True,False,True,False,False,False,True
41,0,0,5,12,8,3,4,0,0,26,6,0.682,False,True,False,False,True,True,False,False,False,False,True
31,0,0,7,3,11,0,5,0,0,56,12,0.734,False,True,True,False,False,False,True,False,False,False,True
36,0,0,5,6,6,3,0,0,0,50,6,0.875,False,True,False,False,True,False,True,False,True,False,False
40,0,1,7,10,9,1,1,3,1,30,11,0.85,False,True,False,False,True,False,False,True,False,False,True
19,0,0,6,8,4,3,3,0,0,41,0,0.805,False,True,True,False,False,False,True,False,False,False,True
28,0,0,6,2,6,0,4,0,1,19,3,0.663,True,False,False,False,True,False,False,True,False,True,False
45,0,0,5,4,9,5,0,0,2,8,10,0.732,True,False,False,False,True,False,True,False,False,True,False
29,0,0,4,5,3,2,6,0,0,53,8,0.688,False,True,False,False,True,False,False,True,False,False,True
24,0,0,3,7,3,0,3,1,0,46,7,0.71,False,True,False,False,True,False,False,True,False,False,True
38,0,0,5,12,7,3,1,0,3,16,1,0.64,True,False,False,True,False,True,False,False,True,False,False
44,0,0,4,2,7,0,3,3,3,7,3,0.741,True,False,False,False,True,False,False,True,False,False,True
41,0,0,8,11,7,3,0,0,1,27,5,0.853,False,True,True,False,False,True,False,False,False,False,True
22,0,0,11,6,6,3,0,1,0,61,12,0.86,True,False,True,False,False,False,False,True,False,True,False
24,0,0,7,9,13,3,4,2,0,35,17,0.608,False,True,False,False,True,True,False,False,False,False,True
22,1,0,4,3,7,3,4,0,2,36,0,0.85,False,True,False,True,False,False,False,True,False,False,True
20,0,0,7,2,8,0,2,0,0,66,10,0.921,True,False,True,False,False,True,False,False,False,False,True
20,0,0,7,11,8,7,5,3,5,48,7,0.706,True,False,True,False,False,False,True,False,False,False,True
20,0,0,4,5,7,2,2,2,1,54,10,0.909,False,True,True,False,False,True,False,False,False,False,True
17,0,0,6,2,2,0,0,0,1,47,13,0.659,False,True,False,True,False,False,True,False,False,True,False
35,0,0,4,5,7,1,1,0,0,3,9,0.747,True,False,False,False,True,False,False,True,False,True,False
30,0,0,2,6,7,0,0,1,0,26,7,0.772,True,False,False,True,False,False,True,False,False,True,False
43,0,0,5,2,2,0,0,0,2,50,5,0.726,False,True,False,True,False,False,False,True,True,False,False
43,0,0,5,12,11,3,3,2,0,32,0,0.609,True,False,False,False,True,True,False,False,False,False,True
33,0,0,4,1,5,0,1,0,1,47,10,0.72,True,False,False,False,True,False,False,True,False,False,True
20,0,0,1,3,6,3,1,0,2,2,18,0.95,True,False,False,True,False,False,True,False,False,False,True
24,0,0,6,3,4,5,0,1,0,44,17,0.685,True,False,False,False,True,True,False,False,False,False,True
30,0,0,6,3,11,0,1,0,0,29,12,0.95,False,True,False,False,True,True,False,False,False,False,True
29,0,0,5,5,6,0,0,0,0,39,0,0.675,False,True,False,True,False,False,True,False,False,False,True
45,1,0,5,6,7,0,3,1,3,53,3,0.85,False,True,False,True,False,True,False,False,True,False,False
34,0,0,6,7,5,3,1,0,1,33,9,0.77,True,False,False,False,True,False,True,False,True,False,False
29,0,0,5,12,2,4,5,1,0,13,13,0.722,True,False,False,False,True,False,True,False,False,True,False
34,0,0,0,4,1,0,2,0,1,21,7,0.853,True,False,False,True,False,False,True,False,False,True,False
42,0,0,9,6,9,1,3,0,1,15,8,0.719,False,True,True,False,False,False,True,False,False,False,True
20,0,0,9,2,0,0,0,0,0,51,0,0.698,False,True,True,False,False,False,True,False,False,True,False
32,0,0,4,5,0,0,3,2,3,34,0,0.599,True,False,False,True,False,False,True,False,False,False,True
23,0,0,2,7,6,2,0,2,0,55,5,0.647,False,True,False,True,False,True,False,False,False,True,False
32,0,0,3,6,8,0,2,1,0,28,0,0.647,False,True,False,True,False,True,False,False,True,False,False
23,0,0,4,6,2,3,0,1,0,76,10,0.619,False,True,False,False,True,False,False,True,False,False,True
37,0,0,7,11,7,1,0,0,0,38,0,0.596,True,False,True,False,False,False,True,False,False,False,True
44,0,0,1,5,7,2,4,3,2,59,11,0.699,True,False,False,False,True,False,True,False,False,True,False
45,0,0,6,5,6,4,2,3,0,78,13,0.636,True,False,False,True,False,False,True,False,False,False,True
34,0,0,8,3,4,0,0,1,0,48,3,0.68,True,False,False,False,True,False,False,True,False,True,False
30,0,1,2,4,4,1,0,1,0,6,4,0.85,True,False,False,False,True,False,True,False,False,True,False
21,0,0,5,7,13,1,5,0,3,58,8,0.932,True,False,False,False,True,True,False,False,False,True,False
27,0,0,4,8,10,0,7,0,1,45,11,0.762,True,False,True,False,False,False,True,False,False,True,False
22,0,0,8,7,12,0,4,0,3,42,12,0.95,True,False,False,False,True,True,False,False,False,False,True
41,0,0,3,8,10,4,2,2,2,33,2,0.71,True,False,False,False,True,False,True,False,True,False,False
35,1,0,5,4,6,3,0,1,2,31,6,0.85,True,False,False,False,True,False,False,True,True,False,False
44,0,0,1,5,4,2,1,0,1,33,10,0.688,True,False,False,True,False,True,False,False,False,False,True
19,0,0,1,4,18,2,2,2,0,51,5,0.93,True,False,False,True,False,True,False,False,False,False,True
21,0,0,3,7,5,0,1,0,0,41,7,0.713,False,True,False,True,False,False,True,False,False,False,True
32,1,0,8,8,9,3,2,0,1,27,8,0.85,False,True,False,False,True,True,False,False,False,False,True
21,0,0,10,4,5,0,3,1,2,44,7,0.732,False,True,True,False,False,False,False,True,True,False,False
20,0,0,3,3,4,0,1,0,1,33,10,0.695,True,False,False,False,True,True,False,False,False,False,True
17,0,0,6,11,14,3,7,0,3,18,9,0.95,True,False,False,False,True,True,False,False,False,True,False
22,0,0,3,6,4,5,0,3,0,36,14,0.9,True,False,False,True,False,False,True,False,True,False,False
38,0,0,6,3,7,0,1,3,0,21,13,0.575,True,False,False,False,True,False,True,False,False,False,True
44,0,0,7,3,7,2,0,1,0,30,7,0.703,False,True,False,True,False,True,False,False,False,True,False
18,0,0,2,5,5,5,1,1,0,34,0,0.623,False,True,False,True,False,True,False,False,False,False,True
32,0,0,6,3,9,1,7,0,4,32,15,0.696,True,False,True,False,False,False,False,True,False,True,False
25,0,0,6,8,8,5,2,0,0,38,0,0.597,False,True,True,False,False,False,False,True,False,False,True
45,0,1,4,8,10,3,4,1,0,19,5,0.85,True,False,False,False,True,False,True,False,False,False,True
18,0,0,8,9,6,2,0,0,0,41,0,0.858,False,True,True,False,False,True,False,False,False,True,False
39,0,0,4,1,7,0,2,1,0,26,12,0.784,True,False,False,False,True,True,False,False,True,False,False
29,0,0,4,7,5,1,3,0,2,61,11,0.626,True,False,True,False,False,False,False,True,False,False,True
20,0,0,5,10,10,5,5,1,0,15,11,0.806,False,True,False,False,True,True,False,False,True,False,False
18,0,0,5,8,8,4,2,2,1,41,3,0.844,True,False,False,False,True,True,False,False,False,False,True
35,0,0,0,5,6,2,3,0,0,11,5,0.736,True,False,False,True,False,False,True,False,False,True,False
33,0,0,3,5,2,0,0,0,0,52,0,0.684,True,False,False,True,False,False,False,True,False,False,True
33,0,0,6,8,4,5,0,1,1,65,5,0.818,True,False,False,False,True,False,True,False,False,False,True
24,0,0,6,6,6,5,2,0,1,43,8,0.79,False,True,True,False,False,True,False,False,False,False,True
30,0,0,6,4,5,0,0,0,0,57,10,0.95,True,False,True,False,False,False,False,True,False,True,False
38,0,0,5,8,0,4,0,2,0,13,18,0.701,False,True,False,True,False,False,True,False,False,False,True
39,0,0,6,3,12,1,2,1,0,14,18,0.754,False,True,False,False,True,True,False,False,False,False,True
45,0,0,6,6,6,2,0,0,0,4,5,0.736,True,False,False,False,True,False,True,False,False,False,True
30,0,0,5,6,12,0,1,1,2,0,15,0.629,True,False,False,False,True,True,False,False,False,False,True
26,0,0,3,4,11,0,1,0,2,32,2,0.922,True,False,False,True,False,True,False,False,False,True,False
41,0,0,5,5,8,0,1,1,0,1,2,0.87,True,False,False,False,True,True,False,False,False,False,True
18,0,0,2,10,7,4,1,0,0,29,7,0.86,True,False,False,True,False,True,False,False,False,False,True
19,0,0,3,11,12,3,0,0,0,44,0,0.862,True,False,False,False,True,True,False,False,False,True,False
32,0,0,3,10,5,2,2,0,1,0,9,0.584,True,False,False,False,True,False,True,False,False,False,True
23,0,0,0,6,6,1,3,0,0,0,7,0.605,False,True,False,True,False,False,True,False,False,False,True
27,0,0,3,7,4,0,6,0,1,41,8,0.667,False,True,False,True,False,False,False,True,False,False,True
43,0,0,4,6,5,4,0,0,0,60,1,0.724,True,False,True,False,False,False,False,True,False,False,True
31,0,1,5,5,9,0,0,1,0,43,15,0.85,False,True,True,False,False,False,True,False,True,False,False
39,0,0,9,13,7,4,4,0,0,57,8,0.711,True,False,False,False,True,False,True,False,False,False,True
39,0,0,4,8,10,0,2,0,1,35,5,0.736,True,False,False,True,False,False,False,True,False,False,True
34,0,0,5,10,5,2,0,0,1,27,10,0.748,True,False,False,False,True,False,True,False,True,False,False
19,0,0,4,4,3,0,0,2,0,11,11,0.751,False,True,False,True,False,False,False,True,True,False,False
18,0,0,1,0,7,0,1,0,0,26,2,0.696,True,False,False,True,False,False,True,False,False,False,True
43,0,0,1,12,7,0,4,0,2,21,3,0.763,True,False,False,False,True,True,False,False,False,False,True
40,0,0,5,6,10,0,6,0,1,27,0,0.735,False,True,False,False,True,False,True,False,False,False,True
32,0,0,8,4,11,1,4,0,2,63,6,0.726,True,False,True,False,False,False,False,True,False,False,True
34,0,0,3,4,4,0,1,0,4,9,3,0.938,True,False,False,True,False,False,False,True,False,True,False
35,0,0,1,7,4,1,0,1,0,37,0,0.682,True,False,False,False,True,False,True,False,False,False,True
36,0,0,1,8,11,4,3,1,1,40,10,0.78,True,False,False,True,False,True,False,False,True,False,False
34,0,0,6,9,1,0,2,2,1,50,8,0.73,True,False,True,False,False,True,False,False,True,False,False
21,0,0,5,12,9,4,1,1,0,46,15,0.699,True,False,True,False,False,False,True,False,False,False,True
28,0,0,3,11,5,2,1,2,1,43,4,0.897,True,False,False,False,True,True,False,False,False,False,True
30,0,1,7,7,2,4,0,0,1,53,0,0.85,False,True,False,False,True,False,True,False,False,True,False
26,0,0,4,9,3,1,3,0,2,58,12,0.704,False,True,False,True,False,False,True,False,True,False,False
35,0,0,8,9,12,3,5,0,1,34,5,0.794,False,True,False,False,True,True,False,False,False,True,False
28,0,0,4,5,3,4,0,2,3,54,6,0.72,True,False,False,True,False,False,True,False,False,True,False
29,0,0,3,5,11,2,0,1,1,32,0,0.908,True,False,False,True,False,False,True,False,False,True,False
19,0,0,2,4,6,2,0,1,0,58,4,0.705,False,True,False,False,True,False,True,False,False,False,True
36,0,0,3,4,9,2,0,0,0,66,12,0.732,True,False,False,False,True,False,True,False,False,False,True
33,0,0,2,5,5,2,0,0,1,61,7,0.573,False,True,False,True,False,False,False,True,False,True,False
20,0,0,10,7,10,3,1,1,1,7,8,0.857,True,False,True,False,False,True,False,False,False,False,True
36,1,0,6,8,4,0,0,1,1,42,5,0.85,False,True,False,False,True,False,False,True,False,False,True
18,0,0,4,8,11,0,3,0,0,27,13,0.846,True,False,False,False,True,True,False,False,True,False,False
34,0,0,9,6,8,2,3,0,3,44,11,0.755,True,False,True,False,False,True,False,False,False,False,True
40,1,0,3,14,16,7,7,1,3,33,0,0.85,True,False,False,False,True,True,False,False,False,True,False
41,0,0,5,6,9,0,1,0,0,67,19,0.752,True,False,False,False,True,False,True,False,False,True,False
43,0,0,3,6,4,2,4,0,2,2,4,0.818,True,False,False,False,True,False,False,True,False,True,False
30,1,0,8,6,4,1,0,1,0,22,9,0.85,False,True,False,False,True,False,True,False,False,False,True
29,0,0,2,10,9,4,4,0,0,46,5,0.626,False,True,False,False,True,True,False,False,False,False,True
26,0,0,8,9,5,6,3,0,0,44,5,0.715,False,True,False,False,True,True,False,False,False,False,True
41,0,0,3,3,6,2,2,0,1,62,8,0.694,True,False,False,False,True,False,True,False,False,True,False
42,1,0,6,4,3,0,0,0,3,43,11,0.85,False,True,False,True,False,False,False,True,False,False,True
37,1,0,5,6,5,1,1,0,0,29,3,0.85,True,False,False,False,True,True,False,False,False,False,True
38,0,0,8,4,5,6,1,2,1,48,8,0.639,True,False,False,False,True,False,False,True,True,False,False
36,0,0,8,5,5,6,1,4,0,39,5,0.825,True,False,False,False,True,False,True,False,False,True,False
19,0,0,5,3,6,1,2,0,0,15,9,0.817,False,True,False,False,True,True,False,False,False,False,True
28,0,0,1,6,9,3,1,2,0,21,2,0.743,True,False,False,True,False,False,True,False,False,False,True
22,0,1,2,6,11,0,6,0,0,17,20,0.85,False,True,False,True,False,True,False,False,False,True,False
18,0,0,5,9,3,4,0,0,0,60,8,0.934,False,True,False,False,True,False,True,False,True,False,False
37,0,0,6,4,2,2,0,0,1,26,5,0.856,False,True,False,True,False,True,False,False,False,True,False
26,0,0,6,6,7,3,0,0,1,27,7,0.664,False,True,False,False,True,False,False,True,False,True,False
37,0,0,5,7,11,5,3,4,1,11,3,0.769,True,False,False,False,True,True,False,False,False,False,True
19,0,0,4,4,6,1,4,0,0,31,10,0.864,True,False,True,False,False,True,False,False,True,False,False
38,0,0,8,7,5,6,2,0,2,47,14,0.788,False,True,False,False,True,True,False,False,False,False,True
25,0,0,6,4,10,2,3,0,0,20,0,0.673,False,True,False,True,False,True,False,False,False,True,False
17,0,0,3,10,7,1,5,0,2,22,15,0.806,True,False,False,True,False,True,False,False,False,True,False
37,0,0,6,4,7,1,2,1,1,0,5,0.704,True,False,False,False,True,False,True,False,False,True,False
19,0,0,6,8,6,2,0,1,1,30,6,0.666,True,False,True,False,False,True,False,False,True,False,False
43,0,0,3,2,9,0,0,1,0,16,3,0.782,True,False,False,False,True,True,False,False,False,False,True
32,0,0,7,0,1,2,0,0,2,43,4,0.872,True,False,False,True,False,False,False,True,True,False,False
20,0,0,6,7,6,2,0,0,0,26,6,0.91,True,False,False,False,True,True,False,False,False,False,True
40,0,0,6,7,9,4,5,0,0,72,0,0.775,False,True,False,False,True,False,False,True,False,False,True
41,0,0,2,9,9,2,3,1,0,15,10,0.684,False,True,False,False,True,False,True,False,True,False,False
28,0,0,3,6,14,4,0,3,2,13,0,0.82,True,False,False,False,True,True,False,False,False,False,True
30,0,0,7,3,12,2,0,0,2,31,0,0.823,True,False,False,False,True,True,False,False,False,False,True
44,0,0,2,5,1,0,4,0,1,0,3,0.737,True,False,False,False,True,False,False,True,False,False,True
31,0,0,6,0,8,3,2,2,0,6,15,0.73,False,True,False,False,True,True,False,False,False,False,True
20,0,0,10,3,5,2,4,0,0,36,3,0.821,True,False,True,False,False,False,False,True,False,True,False
43,0,0,6,7,16,5,6,2,4,9,15,0.869,False,True,False,False,True,True,False,False,False,True,False
26,0,0,4,1,4,0,2,1,0,70,2,0.561,False,True,False,False,True,False,False,True,False,False,True
35,0,0,0,1,6,0,2,2,0,27,0,0.712,True,False,False,True,False,False,False,True,False,False,True
19,0,0,2,2,5,1,3,0,0,10,5,0.625,False,True,False,False,True,True,False,False,True,False,False
24,0,0,0,5,4,2,3,1,0,51,1,0.761,True,False,False,True,False,False,False,True,True,False,False
17,0,0,7,10,10,3,1,0,1,16,5,0.643,True,False,True,False,False,False,True,False,False,False,True
27,0,0,4,4,9,1,2,0,0,42,9,0.744,True,False,False,False,True,True,False,False,True,False,False
19,0,0,3,6,12,3,1,0,0,25,21,0.714,True,False,False,False,True,True,False,False,True,False,False
41,0,0,1,8,3,1,3,0,0,11,7,0.719,True,False,False,True,False,False,True,False,False,True,False
37,0,0,11,5,5,0,4,0,0,34,3,0.771,False,True,True,False,False,False,False,True,False,True,False
31,0,0,5,4,5,0,0,0,0,27,9,0.617,False,True,False,False,True,False,True,False,False,True,False
22,0,0,3,10,7,2,1,0,2,93,14,0.719,False,True,True,False,False,False,True,False,False,False,True
23,0,0,3,10,4,7,0,0,0,14,6,0.638,True,False,False,True,False,True,False,False,False,False,True
39,0,0,4,8,1,5,1,1,0,48,6,0.7,False,True,True,False,False,False,False,True,False,True,False
37,0,0,5,4,7,1,0,0,0,32,4,0.702,False,True,False,False,True,False,True,False,False,False,True
32,0,0,7,1,2,0,5,3,2,41,0,0.733,False,True,False,False,True,False,True,False,True,False,False
37,0,0,4,1,4,0,0,0,0,21,7,0.721,True,False,False,True,False,False,False,True,False,False,True
36,0,0,4,6,7,7,0,0,0,48,15,0.84,False,True,False,False,True,True,False,False,False,True,False
26,0,0,11,9,13,3,4,1,2,47,8,0.95,True,False,True,False,False,True,False,False,False,True,False
21,0,0,4,5,2,3,0,1,0,2,5,0.782,True,False,False,False,True,False,False,True,False,True,False
27,0,0,5,7,6,0,1,0,1,13,19,0.567,True,False,False,False,True,False,False,True,True,False,False
18,0,0,5,5,9,3,3,0,0,14,0,0.798,True,False,True,False,False,True,False,False,False,True,False
42,0,0,10,8,5,3,1,3,1,39,7,0.785,False,True,True,False,False,False,False,True,False,False,True
17,0,0,2,5,1,0,5,1,0,23,6,0.746,False,True,False,True,False,False,True,False,False,False,True
39,0,1,7,3,9,0,6,2,0,0,2,0.85,True,False,True,False,False,False,True,False,True,False,False
27,0,0,2,5,0,3,0,1,0,24,4,0.679,True,False,False,True,False,True,False,False,True,False,False
42,0,1,1,0,3,3,1,1,4,42,2,0.85,True,False,False,True,False,False,False,True,True,False,False
28,0,0,10,6,5,3,0,0,0,0,7,0.733,False,True,False,False,True,False,True,False,False,True,False
27,1,0,3,7,9,4,4,2,3,28,15,0.85,False,True,True,False,False,True,False,False,False,False,True
22,0,0,6,9,10,1,2,3,0,26,0,0.871,False,True,True,False,False,True,False,False,False,False,True
43,0,0,8,6,2,3,2,3,2,70,10,0.887,True,False,False,False,True,False,True,False,False,True,False
45,0,0,7,13,11,7,3,1,1,34,2,0.638,False,True,False,False,True,True,False,False,False,False,True
29,1,0,5,4,13,0,4,2,3,48,11,0.85,False,True,True,False,False,True,False,False,True,False,False
39,0,0,6,5,9,3,4,0,0,34,24,0.82,True,False,False,False,True,False,True,False,False,False,True
39,0,0,5,3,11,0,2,2,1,53,10,0.62,False,True,True,False,False,True,False,False,False,True,False
37,0,0,6,8,10,2,1,0,0,50,0,0.793,True,False,False,False,True,True,False,False,False,True,False
40,0,0,7,5,1,1,3,0,4,19,7,0.648,False,True,False,False,True,False,True,False,False,False,True
19,0,0,3,0,8,0,0,0,1,30,16,0.664,True,False,False,True,False,False,True,False,False,True,False
44,0,0,7,11,13,0,3,0,1,1,13,0.747,True,False,True,False,False,True,False,False,False,False,True
28,0,0,8,6,16,2,4,1,2,45,9,0.709,False,True,True,False,False,True,False,False,False,False,True
23,0,0,4,9,4,3,0,0,1,39,0,0.743,False,True,True,False,False,True,False,False,True,False,False
37,1,0,4,5,7,1,8,0,1,9,4,0.85,False,True,True,False,False,False,True,False,False,False,True
43,0,0,7,7,5,3,0,2,2,31,0,0.841,False,True,True,False,False,True,False,False,False,False,True
31,0,0,7,2,10,2,4,0,0,57,9,0.925,True,False,True,False,False,True,False,False,False,False,True
35,0,0,8,11,6,1,1,1,0,24,15,0.717,False,True,False,False,True,False,False,True,True,False,False
27,0,0,2,0,5,2,2,0,0,33,14,0.704,False,True,False,True,False,False,False,True,False,False,True
32,0,0,2,12,14,7,2,2,2,48,4,0.602,True,False,False,True,False,True,False,False,False,False,True
17,0,0,7,2,8,0,0,0,0,33,0,0.874,True,False,True,False,False,False,False,True,True,False,False
18,0,0,8,4,0,1,0,1,2,33,5,0.776,False,True,False,True,False,False,True,False,False,False,True
36,0,0,5,7,9,1,3,1,0,29,11,0.745,True,False,False,False,True,False,True,False,False,True,False
22,0,0,3,9,5,2,1,1,0,25,14,0.702,True,False,False,True,False,True,False,False,False,False,True
24,0,0,2,4,4,0,1,2,2,44,19,0.796,False,True,False,False,True,False,True,False,False,False,True
37,0,0,3,2,0,0,1,1,0,0,9,0.711,False,True,False,True,False,False,False,True,True,False,False
42,0,1,3,0,14,3,4,1,0,31,17,0.85,True,False,False,False,True,True,False,False,False,True,False
27,0,0,5,6,11,1,9,0,0,16,5,0.95,False,True,False,True,False,True,False,False,False,False,True
44,0,0,6,5,5,3,0,4,1,16,4,0.665,False,True,True,False,False,False,True,False,False,True,False
39,0,1,3,1,7,0,2,0,1,51,11,0.85,True,False,False,False,True,False,True,False,True,False,False
39,0,0,7,9,7,4,4,1,0,51,1,0.578,False,True,False,False,True,False,True,False,False,False,True
17,0,0,7,8,6,0,4,0,0,26,9,0.71,False,True,True,False,False,False,True,False,False,True,False
44,0,0,7,4,5,1,2,1,0,35,0,0.815,False,True,True,False,False,True,False,False,False,False,True
37,0,0,4,9,14,2,5,2,1,20,8,0.817,False,True,True,False,False,True,False,False,False,False,True
41,0,0,2,9,7,2,5,2,2,41,6,0.632,False,True,False,False,True,True,False,False,False,False,True
21,0,1,8,4,8,0,1,0,2,29,15,0.85,True,False,True,False,False,False,False,True,False,True,False
21,0,0,10,9,6,1,3,1,2,30,8,0.629,True,False,True,False,False,False,True,False,True,False,False
30,0,0,9,6,9,0,3,0,0,30,13,0.886,False,True,True,False,False,True,False,False,False,True,False
44,0,0,1,10,4,1,1,1,1,30,12,0.787,True,False,False,True,False,False,True,False,False,False,True
39,0,0,5,5,3,0,4,0,0,2,0,0.694,False,True,False,False,True,False,True,False,False,False,True
23,0,0,5,6,2,5,1,1,3,34,9,0.624,True,False,True,False,False,False,False,True,False,False,True
39,0,0,4,11,11,2,1,0,0,37,11,0.695,True,False,False,False,True,False,False,True,False,True,False
43,0,0,5,5,2,0,0,2,0,53,8,0.735,True,False,True,False,False,False,False,True,True,False,False
30,0,0,4,4,2,3,0,0,0,37,10,0.74,True,False,False,True,False,False,True,False,True,False,False
34,0,0,6,10,0,0,0,1,0,21,11,0.76,False,True,False,False,True,False,False,True,False,True,False
41,0,0,8,8,7,4,3,5,1,47,8,0.632,True,False,False,False,True,True,False,False,False,True,False
28,0,0,5,7,9,2,1,0,3,37,13,0.616,False,True,False,True,False,True,False,False,False,False,True
37,0,0,11,0,8,0,1,0,1,48,8,0.792,False,True,True,False,False,False,False,True,False,False,True
36,0,0,1,9,5,5,2,0,1,47,3,0.743,True,False,False,True,False,False,True,False,False,False,True
30,0,0,8,4,6,0,0,0,0,33,10,0.753,True,False,False,False,True,False,True,False,False,True,False
22,0,0,9,7,7,4,1,1,0,24,13,0.932,True,False,True,False,False,True,False,False,False,False,True
38,0,0,2,6,4,1,4,1,0,37,10,0.61,True,False,False,True,False,True,False,False,True,False,False
44,0,0,6,8,3,0,1,0,1,45,13,0.697,True,False,False,True,False,False,True,False,False,True,False
24,0,0,2,11,5,4,3,0,0,62,8,0.7,True,False,False,False,True,False,True,False,False,False,True
23,0,0,7,8,5,2,8,0,0,16,17,0.786,False,True,False,False,True,True,False,False,False,True,False
36,0,0,3,0,0,2,0,0,1,60,10,0.714,True,False,False,True,False,False,False,True,False,False,True
43,1,0,9,10,4,2,0,1,0,0,7,0.85,True,False,False,False,True,False,True,False,False,True,False
31,0,0,4,0,3,0,0,2,0,47,16,0.668,False,True,False,True,False,False,False,True,False,True,False
32,0,0,6,0,4,1,1,0,0,53,9,0.706,True,False,True,False,False,False,False,True,False,True,False
43,0,0,3,6,10,1,0,0,0,0,6,0.692,False,True,False,False,True,True,False,False,False,False,True
32,0,0,6,8,7,0,0,1,0,1,6,0.95,True,False,True,False,False,True,False,False,False,True,False
36,0,0,4,10,6,3,3,1,1,46,11,0.722,False,True,True,False,False,False,True,False,False,False,True
35,0,0,4,9,0,1,4,0,1,48,0,0.704,True,False,True,False,False,False,False,True,False,False,True
27,0,0,4,5,8,0,1,0,0,37,8,0.774,True,False,False,False,True,True,False,False,False,True,False
28,0,0,5,7,7,1,4,0,3,24,4,0.582,True,False,False,False,True,False,False,True,False,False,True
33,0,0,4,6,13,0,2,0,0,40,8,0.748,False,True,False,False,True,True,False,False,False,False,True
19,0,0,4,7,5,0,4,3,0,47,0,0.95,True,False,False,True,False,False,True,False,False,True,False
39,0,0,4,2,7,4,3,0,0,30,3,0.822,False,True,False,True,False,True,False,False,True,False,False
31,0,1,3,4,7,3,0,0,1,20,13,0.85,False,True,False,True,False,True,False,False,False,True,False
38,0,0,5,3,8,2,3,0,0,66,10,0.729,True,False,False,True,False,False,True,False,False,True,False
32,0,0,4,5,10,5,0,4,0,41,0,0.689,False,True,False,False,True,True,False,False,False,True,False
35,0,0,6,6,5,2,1,0,0,10,16,0.77,True,False,False,True,False,False,True,False,False,True,False
41,1,0,7,11,9,0,2,1,0,31,1,0.85,True,False,False,False,True,True,False,False,True,False,False
31,0,0,6,9,11,6,2,2,0,23,8,0.814,False,True,False,False,True,False,True,False,False,True,False
35,0,0,6,6,8,1,4,2,2,35,1,0.662,False,True,False,True,False,True,False,False,False,False,True
44,0,0,10,5,13,1,1,0,0,15,8,0.702,True,False,False,False,True,True,False,False,False,True,False
31,0,0,5,10,13,3,5,0,1,15,6,0.659,True,False,False,True,False,True,False,False,False,False,True
26,0,0,2,9,5,0,6,0,1,54,9,0.586,True,False,False,True,False,False,False,True,True,False,False
40,1,0,3,1,3,1,1,2,3,62,12,0.85,True,False,False,True,False,False,True,False,True,False,False
35,0,0,3,1,1,0,1,1,0,25,8,0.681,True,False,False,True,False,False,False,True,False,True,False
26,0,0,0,5,1,1,4,0,0,73,9,0.685,False,True,False,True,False,False,True,False,False,False,True
22,0,0,3,10,4,3,0,1,0,27,20,0.845,True,False,False,False,True,False,True,False,False,False,True
40,0,0,9,6,11,3,0,0,0,46,15,0.839,True,False,True,False,False,True,False,False,False,False,True
18,0,0,4,0,2,0,3,0,0,34,3,0.58,False,True,False,True,False,False,False,True,False,False,True
36,0,0,7,9,12,3,4,4,0,16,0,0.614,True,False,False,False,True,True,False,False,False,True,False
37,0,0,6,4,6,0,0,0,0,29,4,0.725,False,True,False,False,True,False,False,True,True,False,False
40,0,0,1,9,2,2,0,0,2,44,13,0.718,True,False,False,False,True,False,True,False,False,False,True
41,0,0,7,8,1,0,0,1,1,51,2,0.72,False,True,True,False,False,False,False,True,False,False,True
35,0,0,5,4,12,2,6,0,4,6,0,0.95,True,False,False,False,True,True,False,False,False,False,True
22,0,0,0,3,7,0,1,0,2,43,10,0.613,False,True,False,False,True,False,True,False,False,True,False
42,0,0,11,7,8,1,1,0,0,48,0,0.608,True,False,True,False,False,False,False,True,False,False,True
35,0,0,5,8,6,2,0,0,0,13,3,0.788,True,False,True,False,False,True,False,False,False,False,True
19,0,0,6,10,7,0,0,2,0,52,4,0.861,False,True,False,False,True,False,True,False,False,False,True
17,0,0,7,7,5,3,1,0,0,54,7,0.648,False,True,False,False,True,False,True,False,False,True,False
30,0,0,8,3,11,0,3,1,0,47,3,0.608,True,False,True,False,False,False,False,True,False,True,False
35,0,0,6,0,6,3,0,2,1,21,0,0.932,False,True,False,False,True,True,False,False,False,False,True
19,1,0,3,3,12,1,0,0,0,12,0,0.85,True,False,False,False,True,True,False,False,False,False,True
40,0,0,11,8,2,3,0,1,0,15,9,0.7,False,True,False,False,True,False,False,True,False,False,True
30,0,0,6,4,4,2,1,0,1,34,18,0.705,False,True,False,True,False,False,False,True,False,False,True
17,0,0,6,11,6,2,3,0,2,54,14,0.764,True,False,False,False,True,False,True,False,False,False,True
39,0,0,3,5,10,5,5,3,3,45,8,0.602,False,True,False,False,True,False,True,False,False,True,False
18,0,0,6,8,5,5,3,0,0,28,10,0.717,False,True,True,False,False,False,True,False,False,True,False
43,0,0,6,6,6,1,0,1,0,66,11,0.908,True,False,False,False,True,False,True,False,False,False,True
30,0,0,9,3,2,0,2,0,0,34,0,0.731,True,False,True,False,False,False,False,True,False,False,True
34,0,0,5,9,7,4,2,0,0,36,6,0.803,True,False,True,False,False,False,True,False,True,False,False
26,0,0,3,9,8,2,0,1,0,42,18,0.913,False,True,False,True,False,False,True,False,False,True,False
37,0,0,6,6,8,2,2,1,1,33,0,0.877,True,False,True,False,False,True,False,False,False,False,True
28,0,0,9,11,9,3,2,1,0,51,8,0.606,False,True,False,False,True,True,False,False,False,False,True
24,0,0,6,10,15,1,2,1,0,38,5,0.916,False,True,False,False,True,True,False,False,False,False,True
29,0,0,0,13,8,4,1,0,3,0,8,0.778,False,True,False,True,False,True,False,False,True,False,False
45,0,0,2,5,6,1,4,4,2,54,17,0.825,False,True,False,True,False,True,False,False,True,False,False
40,0,0,5,5,6,0,3,0,1,13,5,0.688,True,False,False,False,True,False,False,True,False,False,True
43,0,0,3,5,8,0,1,0,0,44,6,0.704,False,True,False,True,False,False,True,False,False,True,False
23,0,0,3,5,1,1,0,0,1,57,6,0.613,True,False,False,False,True,False,True,False,False,False,True
42,0,0,6,5,13,0,4,4,1,33,1,0.847,False,True,False,False,True,False,False,True,False,True,False
45,0,0,6,10,7,0,3,0,0,33,0,0.822,False,True,False,False,True,False,True,False,False,True,False
28,0,0,1,0,5,0,4,0,0,39,2,0.727,True,False,False,True,False,False,False,True,True,False,False
29,1,0,9,7,11,1,4,0,3,71,12,0.85,True,False,True,False,False,True,False,False,False,False,True
45,0,0,7,8,6,2,6,0,0,54,14,0.781,False,True,False,False,True,True,False,False,False,True,False
32,0,0,8,5,1,1,0,0,0,0,4,0.682,False,True,True,False,False,False,False,True,False,True,False
32,0,0,7,13,6,3,1,0,1,22,3,0.577,True,False,True,False,False,False,False,True,False,True,False
40,0,0,5,7,11,2,1,1,0,44,9,0.606,True,False,False,False,True,False,True,False,False,True,False
45,0,0,4,5,10,3,4,0,1,39,9,0.817,True,False,False,False,True,True,False,False,False,False,True
39,0,0,5,6,5,2,0,0,0,32,0,0.814,True,False,False,False,True,False,True,False,False,False,True
36,0,0,3,3,10,0,0,1,0,55,7,0.702,True,False,False,False,True,True,False,False,True,False,False
43,0,0,3,8,11,3,4,0,5,13,3,0.789,False,True,False,True,False,True,False,False,False,False,True
32,0,0,6,10,8,3,0,0,0,43,12,0.722,True,False,True,False,False,False,True,False,False,False,True
37,0,0,4,4,7,0,4,0,0,55,0,0.656,True,False,False,False,True,False,False,True,False,False,True
23,0,0,7,5,15,1,2,0,0,26,5,0.807,True,False,True,False,False,True,False,False,False,False,True
33,0,0,3,7,2,2,0,0,0,35,10,0.603,True,False,False,True,False,False,False,True,False,False,True
23,0,0,1,1,4,2,2,1,1,42,10,0.609,False,True,False,True,False,False,True,False,False,True,False
32,0,0,3,7,11,1,0,1,0,17,11,0.918,False,True,False,False,True,True,False,False,False,False,True
31,0,0,0,10,4,1,0,1,0,37,3,0.794,False,True,False,True,False,False,True,False,False,False,True
44,0,0,3,2,6,0,0,2,1,0,0,0.594,False,True,False,False,True,False,False,True,False,False,True
34,0,0,3,9,13,2,4,0,1,7,6,0.684,True,False,False,False,True,False,True,False,True,False,False
39,0,0,3,7,7,1,1,0,0,15,7,0.645,True,False,False,False,True,True,False,False,False,False,True
37,0,0,7,10,3,1,0,1,0,36,10,0.74,True,False,False,False,True,False,True,False,False,False,True
18,0,0,5,10,11,1,3,0,1,68,4,0.828,False,True,True,False,False,True,False,False,False,False,True
35,0,0,7,12,1,6,0,1,0,18,14,0.849,True,False,True,False,False,False,True,False,False,False,True
44,0,0,4,9,10,2,3,0,0,51,7,0.708,False,True,False,False,True,False,True,False,False,False,True
42,0,0,5,11,7,5,0,0,0,34,5,0.694,True,False,False,False,True,False,True,False,False,True,False
43,0,0,7,9,10,3,4,2,0,39,5,0.802,False,True,False,False,True,True,False,False,False,True,False
26,0,1,6,4,3,0,0,0,0,38,7,0.85,True,False,True,False,False,False,True,False,False,False,True
22,0,0,1,8,1,0,1,0,0,51,12,0.719,True,False,False,True,False,False,True,False,False,False,True
42,0,0,8,13,8,0,3,0,0,3,1,0.918,False,True,True,False,False,True,False,False,False,True,False
38,0,0,5,6,3,1,3,0,0,33,0,0.707,False,True,False,False,True,False,False,True,False,False,True
27,0,0,5,4,10,3,2,0,0,50,0,0.643,False,True,False,False,True,True,False,False,False,True,False
26,0,0,0,2,4,1,0,0,0,31,18,0.749,False,True,False,True,False,False,False,True,False,True,False
26,0,0,4,6,3,0,2,1,0,56,7,0.753,True,False,False,True,False,False,True,False,False,False,True
28,0,0,4,2,4,2,0,0,0,73,2,0.721,True,False,False,True,False,False,True,False,False,False,True
39,1,0,7,9,9,1,1,0,0,37,17,0.85,False,True,False,False,True,True,False,False,False,False,True
41,0,0,3,9,8,2,2,1,1,54,15,0.826,True,False,False,False,True,True,False,False,False,False,True
20,0,0,7,7,0,5,0,0,0,28,3,0.659,False,True,False,False,True,True,False,False,False,False,True
38,0,0,6,7,13,4,3,0,0,9,7,0.822,True,False,True,False,False,True,False,False,False,False,True
21,0,0,8,11,9,5,5,3,1,77,3,0.698,False,True,True,False,False,True,False,False,False,False,True
45,0,0,5,3,4,7,4,0,1,49,4,0.733,True,False,False,False,True,False,False,True,False,False,True
37,0,0,5,6,10,0,3,0,1,20,18,0.822,False,True,False,True,False,False,True,False,False,False,True
33,0,0,6,6,3,1,0,0,0,15,11,0.754,False,True,False,False,True,False,True,False,False,True,False
24,0,0,4,6,3,3,0,0,0,61,7,0.713,True,False,False,True,False,False,False,True,False,False,True
42,0,0,4,7,7,1,4,0,0,30,15,0.801,False,True,False,True,False,True,False,False,False,False,True
35,0,0,5,4,2,0,1,0,0,1,4,0.729,False,True,False,False,True,False,True,False,False,False,True
25,0,0,2,5,5,6,1,0,0,55,12,0.841,False,True,False,False,True,False,True,False,True,False,False
18,0,0,0,4,10,1,2,0,0,60,0,0.702,True,False,False,True,False,True,False,False,False,True,False
39,0,0,4,0,8,0,6,2,0,47,3,0.665,True,False,False,True,False,False,True,False,False,True,False
29,0,0,7,4,5,0,2,0,1,41,4,0.742,False,True,True,False,False,False,False,True,False,False,True
38,0,0,8,8,2,1,2,0,0,42,9,0.697,True,False,False,False,True,False,False,True,False,False,True
45,0,0,4,12,8,0,3,0,1,22,6,0.633,True,False,False,False,True,False,True,False,False,False,True
28,0,0,7,10,11,5,2,2,0,44,9,0.761,False,True,True,False,False,True,False,False,False,False,True
19,0,0,7,7,8,0,2,3,3,39,0,0.745,True,False,False,True,False,True,False,False,False,False,True
22,0,0,1,4,6,4,5,1,0,24,7,0.76,True,False,False,True,False,True,False,False,False,False,True
26,0,0,7,10,9,1,0,0,0,47,3,0.829,False,True,True,False,False,False,True,False,True,False,False
33,0,0,4,6,0,0,2,1,0,23,6,0.795,False,True,False,False,True,False,True,False,False,False,True
38,0,0,6,0,13,1,0,1,0,27,2,0.78,True,False,True,False,False,True,False,False,True,False,False
26,0,0,2,8,4,4,2,1,0,33,0,0.926,False,True,False,False,True,False,True,False,False,False,True
24,0,0,6,11,5,3,0,0,0,28,4,0.767,True,False,True,False,False,False,False,True,False,True,False
42,0,0,5,4,7,0,4,2,2,37,11,0.726,True,False,False,True,False,False,False,True,False,False,True
35,0,0,3,7,3,6,1,0,0,55,4,0.727,True,False,False,False,True,False,False,True,False,False,True
21,0,0,12,11,10,1,1,0,0,61,5,0.786,True,False,True,False,False,False,False,True,False,True,False
32,0,1,6,4,11,1,2,0,0,68,6,0.85,False,True,False,False,True,True,False,False,False,True,False
17,0,0,8,8,16,1,5,3,0,5,2,0.706,True,False,False,False,True,True,False,False,False,True,False
26,0,0,2,4,5,0,1,0,1,64,8,0.626,False,True,False,True,False,False,False,True,False,False,True
45,0,0,0,1,0,1,1,0,0,49,7,0.635,True,False,False,True,False,False,False,True,True,False,False
44,0,0,4,6,6,0,5,1,0,18,13,0.767,True,False,False,True,False,False,True,False,False,True,False
21,0,0,7,6,6,4,0,1,0,38,7,0.694,False,True,False,False,True,False,True,False,False,False,True
19,0,0,3,5,3,0,0,0,0,58,6,0.649,True,False,False,True,False,False,False,True,False,True,False
39,0,0,5,3,8,2,0,0,0,28,4,0.946,False,True,True,False,False,True,False,False,False,False,True
31,0,0,7,8,4,2,0,0,2,48,4,0.763,True,False,False,False,True,False,False,True,False,False,True
45,0,0,6,5,10,0,6,0,0,11,2,0.738,False,True,False,False,True,True,False,False,False,False,True
27,0,0,6,2,7,0,4,1,0,25,3,0.73,False,True,False,False,True,False,False,True,False,False,True
45,1,0,12,12,6,2,0,2,1,25,0,0.85,True,False,True,False,False,False,True,False,False,False,True
36,0,0,3,7,10,1,1,0,1,25,24,0.855,False,True,False,True,False,False,False,True,False,False,True
37,0,0,7,4,7,1,0,0,0,11,5,0.808,False,True,True,False,False,False,True,False,False,False,True
43,0,0,5,9,10,6,0,0,0,46,2,0.709,True,False,False,True,False,False,True,False,False,True,False
25,0,0,9,6,4,0,0,0,0,13,8,0.807,True,False,True,False,False,False,True,False,False,True,False
45,1,0,3,11,12,4,5,0,2,54,3,0.85,True,False,False,False,True,True,False,False,False,False,True
20,0,0,1,6,7,1,1,0,0,0,8,0.712,True,False,False,True,False,False,True,False,True,False,False
19,0,0,6,7,8,4,1,0,0,33,2,0.692,True,False,False,False,True,False,True,False,False,False,True
37,0,0,6,5,11,3,0,1,0,51,9,0.881,True,False,True,False,False,False,False,True,False,False,True
28,0,0,5,8,7,2,6,0,3,32,0,0.566,True,False,False,False,True,False,True,False,False,False,True
37,0,0,8,6,7,1,0,0,0,30,9,0.751,False,True,True,False,False,False,True,False,False,True,False
27,0,0,7,4,13,2,3,1,0,44,8,0.624,True,False,False,False,True,True,False,False,False,False,True
43,0,0,7,13,8,3,0,2,0,26,3,0.628,False,True,True,False,False,True,False,False,False,True,False
18,0,0,4,0,9,3,3,0,1,52,6,0.655,True,False,False,False,True,True,False,False,False,True,False
41,0,0,6,2,11,1,3,1,0,24,5,0.95,False,True,False,False,True,True,False,False,False,False,True
41,0,0,5,8,6,2,4,1,1,37,18,0.753,True,False,False,False,True,False,True,False,False,True,False
26,0,0,6,11,3,3,0,0,0,55,2,0.69,True,False,False,False,True,False,True,False,False,False,True
29,0,0,3,10,8,4,2,0,2,52,16,0.722,True,False,False,False,True,False,True,False,False,False,True
26,0,1,5,4,9,1,4,1,1,4,5,0.85,True,False,False,True,False,True,False,False,False,True,False
34,0,0,4,3,6,0,1,0,0,31,13,0.77,True,False,False,False,True,False,False,True,True,False,False
34,0,0,7,4,7,3,5,1,2,42,4,0.943,False,True,True,False,False,False,True,False,True,False,False
44,0,0,3,6,12,3,0,1,0,35,8,0.682,True,False,False,True,False,True,False,False,False,True,False
37,0,0,2,7,9,2,0,0,0,58,1,0.926,False,True,False,False,True,True,False,False,False,True,False
20,0,0,4,6,7,3,0,0,0,57,5,0.693,True,False,False,False,True,False,False,True,False,True,False
20,0,0,3,5,0,0,2,3,0,47,8,0.709,False,True,False,True,False,False,False,True,False,False,True
19,0,0,7,12,9,2,7,0,2,22,18,0.562,False,True,True,False,False,False,False,True,True,False,False
43,0,0,6,9,8,3,5,2,5,90,0,0.778,False,True,False,False,True,False,True,False,False,True,False
39,0,0,2,5,7,1,4,0,0,40,9,0.705,True,False,False,True,False,False,True,False,False,True,False
45,0,0,5,3,4,4,1,4,0,61,0,0.761,True,False,False,False,True,False,False,True,False,True,False
30,0,0,4,7,2,3,1,0,1,36,9,0.751,False,True,False,False,True,False,False,True,False,True,False
33,0,0,9,3,8,0,1,0,0,44,7,0.807,True,False,True,False,False,False,True,False,True,False,False
17,0,0,7,6,0,3,2,0,2,46,2,0.815,False,True,False,False,True,False,False,True,True,False,False
44,0,0,3,4,3,5,1,2,2,35,22,0.744,False,True,False,True,False,False,False,True,False,False,True
32,0,0,3,8,9,1,2,0,1,48,12,0.699,True,False,False,True,False,True,False,False,False,True,False
44,0,0,3,3,6,0,0,0,0,56,19,0.777,False,True,False,False,True,False,True,False,False,False,True
36,0,0,7,6,5,1,0,0,0,0,0,0.71,True,False,False,True,False,False,False,True,False,False,True
44,0,0,6,3,13,0,3,0,0,26,10,0.766,True,False,False,False,True,False,True,False,False,True,False
34,0,1,7,14,10,3,3,0,2,42,4,0.85,False,True,False,False,True,True,False,False,False,False,True
35,0,0,8,9,7,4,0,4,1,14,8,0.74,False,True,True,False,False,False,True,False,False,False,True
31,1,0,4,3,7,0,1,1,0,22,0,0.85,True,False,False,False,True,False,True,False,False,False,True
28,0,0,3,4,8,0,2,2,1,28,0,0.948,False,True,False,True,False,False,False,True,False,True,False
28,0,0,4,11,4,4,3,1,0,37,4,0.698,False,True,True,False,False,False,True,False,False,False,True
24,0,0,0,3,9,0,3,0,0,60,9,0.753,True,False,False,True,False,True,False,False,False,True,False
27,0,0,4,8,2,3,1,0,1,28,2,0.727,True,False,False,False,True,False,True,False,False,False,True
36,0,0,4,3,7,2,0,0,0,28,7,0.566,True,False,False,False,True,False,False,True,False,False,True
30,0,0,3,7,4,1,3,1,1,32,4,0.703,True,False,False,True,False,False,False,True,False,False,True
26,0,0,5,10,11,0,1,0,1,22,16,0.648,False,True,False,False,True,True,False,False,False,True,False
44,0,0,7,7,8,3,0,0,0,22,0,0.681,True,False,True,False,False,False,False,True,False,True,False
29,0,0,4,5,6,4,0,2,0,60,0,0.869,False,True,False,False,True,False,False,True,True,False,False
19,0,0,4,1,3,0,0,0,2,31,4,0.684,False,True,False,True,False,False,False,True,False,False,True
42,0,0,2,11,5,6,0,1,2,29,8,0.886,True,False,False,False,True,False,True,False,True,False,False
27,0,0,11,9,9,3,0,0,3,46,2,0.855,True,False,False,False,True,True,False,False,False,True,False
44,0,0,5,3,3,0,0,0,0,69,11,0.746,True,False,False,False,True,False,False,True,False,True,False
20,0,0,5,6,14,1,6,0,5,28,11,0.741,True,False,False,False,True,True,False,False,False,False,True
25,0,0,6,7,11,0,2,0,2,38,15,0.707,True,False,False,False,True,True,False,False,False,True,False
39,0,0,2,4,6,0,0,2,1,53,11,0.687,True,False,False,True,False,False,False,True,False,False,True
22,0,0,2,13,7,2,3,4,1,0,22,0.679,False,True,False,False,True,False,True,False,False,False,True
38,0,0,3,5,3,0,2,1,0,18,7,0.704,True,False,False,True,False,False,True,False,False,False,True
36,1,0,7,14,14,5,4,0,2,37,3,0.85,True,False,True,False,False,True,False,False,True,False,False
41,1,0,4,6,7,2,3,0,3,20,6,0.85,False,True,True,False,False,True,False,False,True,False,False
36,1,0,1,10,8,2,2,0,1,22,6,0.85,True,False,False,True,False,False,False,True,False,True,False
19,0,0,7,5,11,2,7,1,3,31,9,0.779,True,False,True,False,False,False,False,True,False,False,True
29,1,0,3,9,11,1,6,0,3,40,0,0.85,False,True,False,False,True,True,False,False,False,False,True
25,0,0,3,10,7,2,2,0,0,21,3,0.724,True,False,False,False,True,False,True,False,False,False,True
45,0,0,5,4,8,2,4,1,2,63,14,0.639,False,True,False,False,True,False,False,True,False,False,True
21,0,0,6,4,6,0,3,0,1,70,4,0.698,True,False,False,False,True,False,False,True,False,False,True
20,0,0,0,5,8,4,3,1,0,50,15,0.699,False,True,False,True,False,True,False,False,False,True,False
22,0,0,4,5,7,2,0,0,0,31,17,0.691,True,False,False,True,False,False,False,True,False,False,True
33,0,0,6,10,6,4,0,1,2,40,3,0.679,True,False,False,False,True,False,True,False,False,False,True
38,0,0,5,3,4,0,2,0,2,24,19,0.584,True,False,False,False,True,False,False,True,False,False,True
36,0,0,5,8,12,6,4,0,3,16,9,0.81,False,True,False,True,False,True,False,False,False,True,False
29,0,0,9,4,0,4,1,0,0,17,18,0.781,False,True,False,False,True,False,False,True,False,True,False
26,0,1,6,7,8,0,0,2,0,43,8,0.85,True,False,False,False,True,True,False,False,False,False,True
36,0,0,5,10,6,5,3,0,1,53,6,0.735,True,False,True,False,False,False,False,True,False,False,True
30,0,0,0,8,4,0,0,2,1,38,12,0.685,True,False,False,True,False,False,False,True,False,False,True
39,0,0,10,12,14,1,8,0,1,0,8,0.923,False,True,False,False,True,True,False,False,False,True,False
45,0,0,6,6,7,0,1,0,2,40,13,0.95,True,False,True,False,False,True,False,False,False,False,True
41,1,0,2,4,2,0,3,0,2,44,3,0.85,False,True,False,True,False,False,True,False,False,True,False
26,0,0,4,8,4,2,0,0,0,22,0,0.782,True,False,False,True,False,False,False,True,False,True,False
36,1,0,6,5,4,3,2,0,1,57,13,0.85,False,True,False,False,True,True,False,False,False,True,False
43,0,0,7,7,16,0,7,2,0,27,1,0.856,False,True,False,False,True,True,False,False,False,False,True
38,0,0,5,7,8,2,3,0,1,30,13,0.715,False,True,False,False,True,False,True,False,False,False,True
38,0,0,6,1,11,0,1,0,0,21,4,0.643,False,True,False,False,True,True,False,False,True,False,False
38,0,0,6,9,7,3,7,1,0,30,0,0.751,False,True,True,False,False,True,False,False,False,False,True
45,0,0,6,2,3,2,1,0,2,53,8,0.688,True,False,False,True,False,False,True,False,False,True,False
28,0,0,6,1,4,1,0,3,2,20,6,0.603,True,False,False,True,False,False,True,False,False,False,True
25,0,0,3,3,3,0,0,0,1,17,4,0.699,True,False,False,False,True,False,True,False,False,False,True
24,0,1,3,7,5,0,0,0,0,30,0,0.85,True,False,False,False,True,True,False,False,False,True,False
25,0,0,8,9,11,3,4,1,0,20,0,0.888,False,True,True,False,False,True,False,False,True,False,False
36,0,0,8,7,9,2,1,0,0,38,0,0.567,False,True,True,False,False,False,True,False,False,False,True
21,0,0,2,0,5,1,3,0,1,37,6,0.734,True,False,False,False,True,False,False,True,False,True,False
17,0,0,5,2,9,2,5,2,0,27,17,0.706,True,False,False,False,True,False,False,True,False,True,False
43,0,0,4,4,0,3,0,2,1,45,4,0.682,False,True,False,False,True,False,True,False,True,False,False
21,0,0,4,8,11,4,6,0,0,34,12,0.67,False,True,False,True,False,False,True,False,False,True,False
34,0,0,8,4,7,0,3,2,0,22,1,0.698,False,True,True,False,False,False,True,False,False,False,True
33,0,0,5,5,6,0,2,1,2,26,6,0.727,False,True,False,False,True,True,False,False,False,True,False
29,0,0,6,6,10,2,5,0,3,35,3,0.757,True,False,False,False,True,True,False,False,True,False,False
28,0,0,4,6,0,0,2,2,2,42,0,0.653,False,True,False,False,True,False,True,False,False,True,False
40,0,0,5,7,10,3,1,0,2,5,16,0.853,True,False,False,False,True,True,False,False,False,False,True
17,0,1,8,5,7,0,5,0,1,30,0,0.85,False,True,False,True,False,True,False,False,False,True,False
33,0,0,3,7,10,2,0,2,2,39,5,0.764,False,True,False,True,False,False,True,False,False,False,True
24,0,0,5,7,6,2,3,2,0,31,4,0.847,True,False,False,False,True,False,True,False,False,True,False
17,0,0,3,12,2,4,3,0,1,45,5,0.72,True,False,False,True,False,False,True,False,False,True,False
24,0,0,6,8,8,1,3,0,0,0,14,0.7,False,True,True,False,False,False,True,False,True,False,False
17,0,0,6,7,6,1,2,0,1,36,0,0.875,True,False,False,True,False,True,False,False,True,False,False
17,0,0,12,8,6,1,0,0,0,65,3,0.781,True,False,True,False,False,False,False,True,False,False,True
42,0,0,5,9,11,2,2,3,1,27,3,0.633,True,False,False,False,True,True,False,False,False,False,True
31,0,0,3,8,11,4,5,2,4,25,6,0.753,False,True,False,True,False,True,False,False,True,False,False
34,0,0,3,2,2,1,2,0,0,35,10,0.797,True,False,False,True,False,False,False,True,False,False,True
29,1,0,5,10,1,5,0,1,2,40,5,0.85,True,False,False,False,True,False,False,True,False,True,False
30,0,0,3,11,3,0,1,3,0,34,14,0.806,True,False,False,False,True,False,True,False,False,False,True
34,0,0,1,2,3,0,0,3,1,38,0,0.715,False,True,False,True,False,False,False,True,False,False,True
24,0,0,8,12,1,6,0,0,0,40,0,0.735,False,True,True,False,False,False,True,False,False,False,True
17,0,0,5,12,8,3,0,0,0,44,2,0.845,False,True,False,True,False,False,False,True,False,True,False
18,1,0,7,9,10,3,3,0,1,42,14,0.85,False,True,True,False,False,False,False,True,False,True,False
43,0,0,6,7,6,2,4,0,0,23,6,0.818,False,True,False,False,True,True,False,False,False,True,False
24,0,0,5,3,9,0,0,0,0,45,5,0.649,False,True,False,False,True,True,False,False,False,True,False
25,0,0,6,12,6,2,1,0,0,54,2,0.729,False,True,True,False,False,False,True,False,False,True,False
26,0,0,5,4,11,3,1,0,0,8,4,0.645,True,False,False,True,False,True,False,False,False,True,False
26,0,0,3,5,10,2,5,0,2,17,0,0.665,True,False,False,False,True,False,True,False,False,False,True
42,0,0,4,7,16,2,3,0,0,50,6,0.773,True,False,True,False,False,True,False,False,False,True,False
25,0,0,3,3,0,1,0,2,0,46,16,0.74,True,False,False,True,False,False,False,True,False,False,True
30,0,0,6,8,9,1,1,1,0,12,18,0.723,True,False,False,False,True,False,True,False,False,False,True
19,0,0,3,4,7,1,2,1,0,10,4,0.627,False,True,False,True,False,True,False,False,False,False,True
17,0,0,10,5,6,3,4,1,2,43,10,0.69,False,True,False,False,True,False,False,True,False,True,False
28,0,0,6,3,9,1,1,0,0,25,3,0.825,False,True,True,False,False,False,False,True,False,True,False
43,0,0,0,11,4,4,0,2,2,44,14,0.839,True,False,False,True,False,True,False,False,True,False,False
30,0,0,0,3,2,0,0,0,0,23,9,0.562,True,False,False,True,False,False,False,True,True,False,False
23,0,0,3,5,7,2,4,0,0,44,2,0.778,True,False,False,False,True,False,True,False,False,False,True
39,0,0,4,8,12,0,2,0,0,36,7,0.554,True,False,False,False,True,False,True,False,False,False,True
30,0,0,5,8,2,1,2,1,0,61,10,0.815,True,False,False,False,True,False,True,False,False,False,True
22,0,0,8,8,6,2,2,1,1,46,6,0.786,False,True,True,False,False,True,False,False,False,True,False
37,0,0,5,6,4,1,3,0,0,23,10,0.789,False,True,False,True,False,True,False,False,False,True,False
45,0,0,7,2,10,0,1,3,0,14,5,0.792,False,True,False,False,True,True,False,False,False,False,True
38,0,0,5,10,10,5,4,1,1,30,0,0.744,False,True,False,False,True,False,True,False,False,False,True
37,0,0,5,3,7,0,0,4,0,15,2,0.692,True,False,True,False,False,False,False,True,False,False,True
19,0,0,7,0,5,2,3,0,3,28,2,0.795,True,False,True,False,False,False,False,True,False,True,False
27,0,0,3,7,8,5,0,1,0,24,8,0.699,False,True,False,False,True,True,False,False,True,False,False
17,0,0,6,4,2,0,0,3,0,56,2,0.95,False,True,False,False,True,False,False,True,False,True,False
35,0,0,7,7,2,3,0,1,0,6,4,0.637,True,False,True,False,False,False,False,True,False,False,True
20,0,0,9,6,7,6,3,3,0,54,7,0.703,False,True,True,False,False,False,True,False,True,False,False
17,0,0,2,6,4,0,0,0,1,16,5,0.703,True,False,False,True,False,False,False,True,True,False,False
28,0,0,6,7,7,2,3,0,1,20,7,0.745,True,False,False,False,True,True,False,False,False,False,True
27,0,0,8,9,3,4,0,2,1,57,4,0.897,False,True,False,False,True,False,False,True,False,False,True
32,0,0,7,8,6,2,5,1,1,75,13,0.688,False,True,False,False,True,True,False,False,False,False,True
23,0,0,0,10,9,0,1,1,0,57,13,0.806,True,False,False,True,False,True,False,False,False,False,True
41,0,0,2,8,5,1,5,0,0,41,5,0.599,False,True,False,True,False,False,True,False,False,False,True
30,0,0,2,11,10,3,3,0,0,44,5,0.857,False,True,False,False,True,True,False,False,False,True,False
18,0,0,5,4,7,0,2,0,2,32,10,0.704,True,False,False,True,False,False,True,False,False,True,False
38,0,0,7,1,5,2,2,2,0,58,6,0.711,True,False,True,False,False,False,True,False,True,False,False
22,0,0,1,8,4,2,0,0,1,11,3,0.703,False,True,False,True,False,False,False,True,False,False,True
37,1,0,5,10,10,5,5,1,1,54,0,0.85,False,True,False,False,True,True,False,False,False,False,True
28,0,0,7,9,3,3,2,0,0,20,13,0.753,True,False,False,True,False,False,False,True,True,False,False
36,0,0,7,0,7,0,0,0,0,34,4,0.7,False,True,False,False,True,False,True,False,False,False,True
17,0,0,8,7,2,0,0,0,0,49,6,0.615,True,False,True,False,False,True,False,False,False,False,True
35,0,0,3,4,10,5,3,0,0,34,19,0.66,False,True,False,False,True,True,False,False,False,False,True
25,0,0,6,6,15,2,2,0,3,11,2,0.677,True,False,False,False,True,False,False,True,False,False,True
42,0,0,1,5,8,0,1,0,0,41,19,0.701,True,False,False,True,False,False,True,False,False,False,True
33,0,0,6,10,10,4,2,0,1,41,2,0.811,True,False,True,False,False,True,False,False,False,True,False
17,1,0,5,9,8,4,1,0,0,54,11,0.85,False,True,False,False,True,False,True,False,False,False,True
43,1,0,1,2,11,2,5,0,1,47,3,0.85,True,False,False,True,False,False,False,True,False,True,False
45,0,1,5,8,8,2,4,0,4,33,9,0.85,True,False,True,False,False,True,False,False,False,True,False
20,0,0,4,6,7,3,2,1,0,3,5,0.585,False,True,False,False,True,False,False,True,False,False,True
40,0,0,1,5,5,2,4,2,2,10,5,0.764,True,False,False,True,False,True,False,False,True,False,False
17,0,0,2,5,9,3,4,0,4,37,8,0.874,False,True,False,False,True,True,False,False,False,False,True
29,0,0,3,11,1,1,4,1,0,34,2,0.75,False,True,False,True,False,False,True,False,True,False,False
26,0,0,4,5,6,0,4,0,0,49,1,0.696,False,True,False,False,True,False,False,True,False,True,False
41,0,0,6,8,4,3,5,0,3,41,7,0.632,False,True,True,False,False,False,True,False,False,False,True
25,0,0,7,9,6,2,2,0,1,26,19,0.683,False,True,True,False,False,False,True,False,False,False,True
38,0,0,10,4,8,0,4,0,0,22,3,0.737,True,False,True,False,False,False,False,True,False,False,True
41,0,0,3,9,3,2,0,0,0,51,13,0.789,False,True,False,False,True,False,True,False,False,False,True
39,1,0,8,8,8,5,5,2,0,25,0,0.85,True,False,False,False,True,True,False,False,False,True,False
36,1,0,2,3,4,0,1,1,1,23,0,0.85,True,False,False,False,True,False,False,True,False,False,True
43,0,0,4,6,10,2,1,0,3,44,9,0.699,False,True,False,False,True,False,False,True,False,False,True
44,0,0,3,9,5,3,2,2,1,40,11,0.923,True,False,False,True,False,False,False,True,False,False,True
26,0,0,4,6,0,1,0,2,0,55,0,0.596,True,False,True,False,False,False,False,True,False,False,True
33,0,0,8,8,10,3,3,1,0,28,0,0.662,False,True,True,False,False,False,False,True,False,False,True
43,0,0,1,8,8,4,5,2,3,59,15,0.782,True,False,False,True,False,False,True,False,False,False,True
17,0,0,9,3,8,3,7,2,0,12,17,0.639,True,False,True,False,False,False,False,True,False,True,False
27,1,0,2,11,7,2,4,1,3,36,7,0.85,False,True,False,False,True,False,True,False,True,False,False
34,0,0,6,8,6,0,1,1,1,19,7,0.649,True,False,False,False,True,True,False,False,False,False,True
31,0,0,7,1,10,1,4,0,0,52,6,0.95,False,True,True,False,False,True,False,False,False,False,True
34,0,0,5,11,12,4,2,1,2,36,18,0.716,True,False,False,False,True,True,False,False,False,False,True
37,0,0,8,3,14,2,3,1,1,31,15,0.682,True,False,False,False,True,True,False,False,False,False,True
30,1,0,5,5,12,0,5,0,1,35,3,0.85,True,False,False,False,True,True,False,False,False,False,True
44,0,0,7,7,10,0,4,0,0,64,11,0.717,False,True,False,False,True,True,False,False,False,False,True
28,1,0,0,5,7,3,2,2,0,35,3,0.85,True,False,False,True,False,True,False,False,True,False,False
17,0,0,11,9,7,2,3,0,1,35,8,0.62,True,False,True,False,False,False,True,False,False,True,False
43,0,0,8,5,7,1,3,0,0,30,16,0.818,True,False,False,False,True,False,True,False,False,True,False
31,0,0,8,3,3,0,1,0,1,9,14,0.75,False,True,False,False,True,False,False,True,False,True,False
41,0,0,7,13,8,4,0,3,0,9,3,0.666,True,False,True,False,False,True,False,False,False,True,False
17,0,0,6,7,9,1,3,1,1,64,9,0.721,False,True,False,False,True,False,True,False,False,False,True
36,0,0,11,12,10,1,1,0,1,54,14,0.639,False,True,True,False,False,False,True,False,False,False,True
44,0,0,4,4,3,0,1,0,0,70,8,0.553,False,True,False,True,False,False,False,True,False,True,False
21,0,0,6,12,5,0,0,1,0,34,3,0.882,True,False,False,False,True,False,True,False,False,True,False
19,0,0,1,0,7,2,2,0,0,50,14,0.679,True,False,False,True,False,False,False,True,False,True,False
35,0,0,5,9,8,3,1,0,0,61,13,0.784,True,False,False,True,False,False,True,False,False,False,True
23,0,0,8,6,5,0,0,0,0,32,7,0.786,False,True,True,False,False,False,True,False,False,False,True
36,0,0,3,12,16,3,5,2,0,51,4,0.61,True,False,True,False,False,True,False,False,False,True,False
41,0,0,4,0,9,0,5,1,3,49,0,0.556,False,True,False,False,True,False,True,False,False,False,True
41,0,0,0,6,7,1,1,0,0,20,6,0.683,True,False,False,True,False,False,True,False,False,False,True
36,0,0,4,10,9,3,2,0,0,27,3,0.695,True,False,False,True,False,False,False,True,False,False,True
22,0,0,3,3,6,1,0,0,0,42,5,0.8,False,True,False,True,False,False,False,True,True,False,False
22,1,0,5,3,3,3,3,0,0,24,3,0.85,True,False,False,False,True,True,False,False,False,False,True
40,0,0,6,7,4,3,2,1,0,31,14,0.746,False,True,True,False,False,False,True,False,False,True,False
40,0,1,5,3,10,2,1,0,0,24,5,0.85,True,False,False,False,True,False,False,True,True,False,False
18,0,0,2,0,3,4,4,0,0,40,9,0.935,False,True,False,False,True,False,True,False,False,False,True
20,0,0,6,7,7,3,2,1,2,6,2,0.755,True,False,False,False,True,False,True,False,False,False,True
31,0,0,3,2,7,0,1,1,1,49,4,0.684,True,False,False,True,False,True,False,False,False,True,False
24,0,0,3,1,13,0,2,0,2,50,1,0.711,True,False,False,False,True,True,False,False,False,False,True
35,0,0,1,4,11,0,3,0,0,63,11,0.95,True,False,False,False,True,True,False,False,False,True,False
35,0,0,3,8,2,0,0,0,0,26,8,0.702,False,True,False,False,True,True,False,False,False,True,False
33,0,0,6,10,2,3,0,0,2,9,0,0.648,True,False,False,False,True,False,True,False,False,False,True
35,1,0,9,7,9,4,2,0,0,47,3,0.85,False,True,False,False,True,False,False,True,False,True,False
35,0,1,3,6,8,4,2,1,0,25,1,0.85,False,True,False,False,True,False,True,False,False,False,True
44,0,0,8,8,7,2,2,1,0,66,7,0.79,False,True,True,False,False,False,True,False,False,False,True
40,0,0,3,9,9,3,2,0,0,13,15,0.694,False,True,False,False,True,True,False,False,False,False,True
20,0,1,4,10,9,4,0,1,0,35,0,0.85,True,False,False,False,True,False,False,True,False,False,True
25,0,0,8,8,8,3,3,1,0,18,6,0.669,True,False,True,False,False,False,True,False,False,False,True
42,0,0,7,5,4,1,2,0,4,35,13,0.861,True,False,True,False,False,False,False,True,False,False,True
23,0,0,9,0,6,1,2,2,2,39,20,0.582,True,False,False,False,True,False,False,True,False,False,True
18,0,0,9,7,16,2,7,1,3,45,8,0.95,True,False,True,False,False,True,False,False,False,True,False
30,0,0,7,8,5,4,3,1,2,38,0,0.823,False,True,False,False,True,False,True,False,True,False,False
22,0,1,4,10,8,4,2,0,1,54,9,0.85,False,True,False,False,True,False,False,True,False,True,False
21,0,0,4,9,8,5,3,1,0,36,6,0.755,False,True,False,False,True,True,False,False,True,False,False
28,0,0,2,6,8,2,5,2,3,59,16,0.704,False,True,False,True,False,False,True,False,False,True,False
19,0,0,3,13,8,3,3,0,1,42,1,0.774,False,True,False,True,False,True,False,False,False,False,True
27,0,0,0,7,11,0,4,0,0,72,0,0.884,True,False,False,True,False,True,False,False,True,False,False
35,0,0,7,9,7,1,2,3,0,20,3,0.768,True,False,False,False,True,False,True,False,False,True,False
43,0,0,4,8,9,3,3,0,3,47,8,0.649,True,False,False,False,True,True,False,False,False,False,True
31,0,0,5,8,4,3,1,0,0,46,10,0.783,False,True,False,True,False,False,True,False,False,False,True
39,0,0,7,1,2,1,1,0,1,39,0,0.654,False,True,False,True,False,False,False,True,True,False,False
21,0,0,6,10,4,0,0,0,0,25,2,0.738,True,False,False,False,True,False,True,False,False,True,False
24,0,0,7,9,11,3,6,0,0,55,7,0.846,False,True,False,False,True,True,False,False,True,False,False
23,0,0,5,6,3,0,0,0,0,63,0,0.817,True,False,False,True,False,True,False,False,False,False,True
42,0,0,3,7,10,4,2,0,0,59,4,0.719,True,False,False,False,True,False,False,True,False,False,True
39,1,0,3,4,6,1,0,2,0,0,5,0.85,False,True,False,False,True,False,True,False,False,False,True
25,0,0,5,6,6,0,4,0,0,41,4,0.645,False,True,False,True,False,False,False,True,False,False,True
32,0,0,4,4,4,0,2,0,1,43,0,0.732,False,True,False,False,True,False,True,False,False,False,True
26,0,0,8,13,7,3,0,0,0,68,5,0.8,True,False,True,False,False,True,False,False,False,False,True
27,0,0,4,6,5,3,0,0,1,22,3,0.709,True,False,False,True,False,False,True,False,False,True,False
37,0,0,7,3,1,0,3,0,0,8,2,0.643,True,False,False,False,True,False,True,False,False,True,False
18,0,0,0,6,7,5,0,0,0,40,7,0.863,True,False,False,True,False,False,True,False,False,False,True
20,0,0,3,4,8,2,4,1,0,33,0,0.804,False,True,False,True,False,False,False,True,False,False,True
40,0,0,7,7,11,3,6,0,0,25,15,0.671,False,True,True,False,False,True,False,False,False,True,False
39,0,0,9,3,10,1,4,0,0,42,9,0.859,True,False,True,False,False,True,False,False,False,False,True
20,0,1,6,11,16,4,3,1,1,46,15,0.85,True,False,False,False,True,True,False,False,False,False,True
45,0,0,7,9,6,4,5,1,3,18,6,0.937,True,False,False,False,True,True,False,False,False,True,False
25,0,0,5,13,4,5,2,1,1,66,10,0.692,False,True,False,False,True,False,True,False,False,True,False
24,0,0,2,5,8,1,2,2,0,33,0,0.71,False,True,False,False,True,False,True,False,False,False,True
32,0,0,2,3,11,0,3,0,0,39,1,0.655,False,True,False,False,True,True,False,False,False,False,True
22,0,0,5,6,11,3,1,0,0,7,4,0.695,False,True,False,False,True,True,False,False,False,True,False
21,0,0,7,8,9,1,3,0,3,37,7,0.621,False,True,False,False,True,False,True,False,False,False,True
35,0,0,2,7,6,1,0,0,0,48,9,0.673,True,False,False,False,True,True,False,False,False,False,True
41,0,0,7,5,4,5,2,0,0,58,8,0.677,True,False,False,False,True,False,False,True,False,False,True
22,0,0,8,2,6,0,2,1,0,34,15,0.757,False,True,True,False,False,False,False,True,False,True,False
37,0,0,2,1,1,3,0,0,0,30,12,0.633,False,True,False,False,True,False,False,True,False,False,True
23,0,0,3,9,11,0,4,2,0,24,3,0.708,True,False,False,True,False,False,True,False,False,False,True
36,0,0,7,5,13,5,1,1,2,37,0,0.754,True,False,True,False,False,True,False,False,False,False,True
44,0,0,4,6,6,0,1,0,1,54,9,0.628,False,True,False,True,False,True,False,False,False,False,True
21,0,0,5,5,2,0,0,0,0,42,0,0.682,True,False,False,True,False,False,True,False,False,True,False
32,0,0,6,10,7,5,5,0,3,30,13,0.894,False,True,False,False,True,False,True,False,False,False,True
45,0,0,7,7,9,3,3,1,0,6,12,0.77,False,True,True,False,False,False,True,False,False,False,True
18,0,0,7,5,0,2,0,1,0,47,8,0.689,False,True,False,False,True,False,True,False,False,False,True
25,0,0,7,4,5,3,1,0,2,18,0,0.765,True,False,True,False,False,False,True,False,False,True,False
20,0,0,7,10,11,4,0,1,0,58,13,0.761,False,True,False,False,True,True,False,False,False,False,True
25,0,0,6,8,12,0,5,0,0,37,6,0.799,False,True,True,False,False,True,False,False,True,False,False
36,0,0,5,5,4,0,1,1,0,51,1,0.851,True,False,False,False,True,True,False,False,False,True,False
23,0,0,2,4,6,6,3,0,0,38,3,0.827,False,True,False,True,False,False,False,True,False,False,True
40,0,0,4,12,6,2,1,0,0,37,3,0.679,False,True,True,False,False,False,True,False,False,False,True
29,0,0,2,5,6,0,1,1,0,40,14,0.739,False,True,False,False,True,False,True,False,False,False,True
37,0,0,6,7,3,3,0,0,0,44,0,0.735,True,False,True,False,False,False,True,False,False,False,True
40,0,0,1,8,9,4,2,2,1,37,8,0.81,True,False,False,True,False,False,True,False,False,True,False
44,0,0,10,6,6,3,4,3,1,0,9,0.878,True,False,True,False,False,True,False,False,False,False,True
37,0,0,6,6,6,0,0,0,2,20,9,0.886,False,True,False,False,True,True,False,False,False,False,True
20,0,0,4,5,3,3,3,0,0,14,7,0.746,False,True,False,False,True,False,True,False,False,False,True
38,0,0,5,5,4,2,1,0,1,35,12,0.603,True,False,False,False,True,False,True,False,False,False,True
21,0,0,6,2,6,1,3,1,2,42,2,0.87,False,True,True,False,False,True,False,False,False,True,False
23,0,0,2,10,8,4,0,1,0,47,4,0.695,False,True,False,False,True,False,False,True,False,False,True
44,0,0,2,11,11,4,4,1,0,24,6,0.693,True,False,False,False,True,False,False,True,True,False,False
37,0,0,4,6,3,3,3,0,2,51,3,0.702,False,True,True,False,False,False,True,False,False,False,True
20,0,1,5,9,12,7,1,0,1,56,0,0.85,True,False,True,False,False,False,True,False,True,False,False
17,0,1,3,8,8,2,0,1,1,57,2,0.85,False,True,False,True,False,False,True,False,False,False,True
41,1,0,3,3,5,1,0,1,1,25,18,0.85,False,True,False,True,False,False,False,True,False,True,False
21,0,0,7,7,7,5,0,0,0,18,14,0.618,True,False,False,False,True,True,False,False,False,True,False
21,0,0,7,9,6,0,6,0,2,27,0,0.686,False,True,True,False,False,False,True,False,False,True,False
39,1,0,3,6,3,2,0,1,1,56,16,0.85,False,True,True,False,False,False,False,True,False,False,True
20,0,0,6,16,6,5,2,2,0,57,9,0.706,True,False,True,False,False,False,True,False,False,True,False
42,0,0,7,8,6,3,3,2,1,40,12,0.755,True,False,False,False,True,True,False,False,False,False,True
24,0,0,3,6,6,0,3,0,0,6,11,0.556,True,False,False,True,False,False,True,False,True,False,False
31,0,0,9,9,8,3,1,0,2,22,5,0.705,False,True,True,False,False,False,True,False,False,False,True
31,0,0,2,3,6,1,1,0,0,48,14,0.764,True,False,False,True,False,True,False,False,True,False,False
19,0,0,8,6,13,3,7,3,1,90,15,0.752,False,True,True,False,False,True,False,False,True,False,False
22,0,0,5,9,8,1,5,0,0,50,7,0.688,False,True,True,False,False,False,True,False,False,True,False
33,0,0,5,5,9,0,0,0,0,41,4,0.703,True,False,True,False,False,False,True,False,False,True,False
27,0,0,7,3,3,4,3,0,0,42,3,0.752,True,False,True,False,False,False,False,True,False,False,True
37,0,0,7,12,8,2,4,2,0,32,6,0.781,True,False,False,False,True,True,False,False,True,False,False
37,0,0,9,13,7,8,4,0,0,47,7,0.613,False,True,False,False,True,True,False,False,False,True,False
23,0,0,5,4,7,5,1,0,1,2,14,0.685,False,True,False,True,False,True,False,False,False,False,True
40,0,0,11,9,9,1,5,1,3,38,6,0.736,True,False,True,False,False,False,True,False,False,False,True
37,1,0,6,11,4,4,6,2,0,39,9,0.85,True,False,False,False,True,False,False,True,False,False,True
39,1,0,4,4,9,2,1,2,0,19,0,0.85,False,True,False,False,True,True,False,False,False,False,True
20,0,0,6,5,9,1,0,1,0,7,4,0.71,False,True,True,False,False,False,True,False,False,False,True
21,0,0,5,8,6,2,0,2,0,38,8,0.588,False,True,True,False,False,False,True,False,False,False,True
19,0,0,5,8,1,1,0,0,0,58,16,0.873,True,False,False,True,False,False,True,False,False,True,False
22,0,0,5,8,4,0,4,0,1,42,7,0.583,False,True,False,False,True,False,False,True,False,False,True
44,0,0,3,5,11,3,3,1,1,72,8,0.82,False,True,False,True,False,True,False,False,False,True,False
24,0,0,4,0,8,1,2,0,2,30,6,0.75,True,False,False,False,True,False,False,True,False,True,False
25,0,0,0,10,9,3,4,3,1,46,9,0.642,False,True,False,True,False,True,False,False,False,True,False
22,0,0,9,10,8,3,7,2,1,87,7,0.601,False,True,False,False,True,True,False,False,False,False,True
22,0,0,7,4,2,4,2,1,3,36,3,0.566,False,True,False,False,True,False,False,True,True,False,False
25,0,0,9,8,9,5,0,1,3,32,21,0.761,True,False,False,False,True,True,False,False,True,False,False
37,0,0,8,15,4,1,0,2,0,8,5,0.739,True,False,True,False,False,True,False,False,False,False,True
41,0,1,5,2,8,1,1,0,1,35,9,0.85,True,False,False,True,False,False,True,False,False,False,True
41,0,0,3,7,4,5,3,3,3,28,1,0.875,True,False,False,False,True,True,False,False,False,False,True
17,0,0,8,7,15,0,6,0,2,0,5,0.876,False,True,True,False,False,True,False,False,True,False,False
37,0,0,7,5,7,3,0,0,2,36,0,0.635,True,False,False,False,True,True,False,False,False,False,True
30,0,0,7,10,12,3,2,0,1,12,2,0.869,True,False,False,True,False,True,False,False,False,False,True
38,0,0,5,5,5,2,2,1,1,15,9,0.689,False,True,False,False,True,False,True,False,False,False,True
20,0,0,6,3,13,1,4,0,2,52,0,0.747,True,False,True,False,False,False,True,False,False,True,False
31,0,0,7,9,4,7,0,0,0,21,4,0.834,False,True,False,True,False,False,True,False,False,False,True
29,0,0,2,5,11,4,4,0,1,41,7,0.646,True,False,False,False,True,False,True,False,False,False,True
40,0,0,9,11,10,2,5,1,0,43,12,0.935,False,True,True,False,False,True,False,False,True,False,False
44,0,0,2,6,11,3,3,1,2,36,15,0.809,False,True,False,False,True,True,False,False,False,False,True
22,0,0,9,11,12,4,4,0,0,36,4,0.872,False,True,True,False,False,True,False,False,False,False,True
26,0,0,6,10,9,6,5,0,1,7,16,0.811,False,True,False,False,True,True,False,False,False,False,True
24,0,0,3,7,5,0,5,0,0,26,13,0.918,True,False,False,True,False,True,False,False,False,False,True
37,0,0,8,9,10,2,3,1,2,43,5,0.912,True,False,True,False,False,True,False,False,False,True,False
36,0,0,5,4,7,2,0,2,0,65,0,0.701,False,True,False,False,True,False,False,True,False,True,False
31,0,0,4,11,5,2,3,0,3,31,12,0.65,True,False,False,False,True,True,False,False,False,False,True
43,0,0,5,5,9,1,2,0,0,22,4,0.625,True,False,False,False,True,False,False,True,False,True,False
21,0,0,4,6,6,4,0,0,0,47,2,0.58,False,True,False,False,True,False,True,False,True,False,False
26,0,0,1,2,7,2,3,4,1,29,0,0.64,False,True,False,True,False,True,False,False,False,True,False
20,0,0,5,7,7,3,2,2,3,47,9,0.824,False,True,True,False,False,True,False,False,False,False,True
35,0,0,4,4,12,0,7,0,2,42,13,0.681,False,True,False,True,False,True,False,False,False,False,True
37,0,0,6,4,0,1,2,1,0,8,10,0.73,True,False,False,False,True,False,False,True,False,False,True
19,0,0,4,5,9,0,2,3,2,40,16,0.95,False,True,False,False,True,True,False,False,False,False,True
27,0,0,6,4,10,4,3,0,1,9,1,0.853,True,False,False,False,True,True,False,False,False,False,True
28,0,0,4,4,11,4,5,1,0,85,1,0.705,True,False,False,True,False,True,False,False,False,False,True
25,0,0,8,14,7,3,0,1,1,17,15,0.817,True,False,True,False,False,True,False,False,False,True,False
17,0,0,7,3,10,1,2,2,0,40,2,0.75,False,True,False,False,True,False,False,True,False,False,True
38,0,0,5,6,5,1,3,1,3,43,5,0.777,True,False,False,False,True,False,False,True,False,False,True
27,0,0,5,5,5,2,0,0,0,42,18,0.744,True,False,False,False,True,True,False,False,False,False,True
41,0,0,8,10,12,6,3,2,0,17,17,0.924,True,False,True,False,False,True,False,False,True,False,False
22,0,0,6,5,2,0,2,0,0,83,9,0.747,True,False,False,False,True,False,False,True,False,False,True
32,0,0,7,9,6,2,4,2,0,28,18,0.721,False,True,False,False,True,True,False,False,True,False,False
45,0,0,5,6,10,4,6,1,1,60,15,0.707,True,False,False,True,False,True,False,False,False,False,True
31,0,0,9,8,9,0,0,1,3,16,7,0.724,False,True,False,False,True,False,True,False,False,True,False
35,0,0,3,10,11,3,2,0,1,64,13,0.795,True,False,False,False,True,True,False,False,False,False,True
45,0,0,3,14,10,2,2,1,0,41,17,0.83,False,True,False,False,True,True,False,False,False,False,True
24,0,0,4,14,8,4,6,2,4,13,0,0.726,False,True,True,False,False,False,True,False,True,False,False
45,0,0,5,6,9,1,1,0,3,25,8,0.95,True,False,True,False,False,True,False,False,False,False,True
38,0,0,8,5,11,5,4,0,0,48,16,0.799,True,False,False,True,False,True,False,False,False,False,True
43,0,1,4,7,7,0,1,0,0,20,13,0.85,False,True,False,False,True,False,True,False,False,False,True
35,0,0,8,7,13,4,2,1,0,0,9,0.95,True,False,True,False,False,True,False,False,False,False,True
25,0,0,5,9,14,2,4,0,0,43,5,0.645,True,False,True,False,False,False,True,False,False,False,True
27,0,0,5,7,9,1,4,2,3,44,7,0.653,True,False,False,False,True,False,False,True,False,False,True
34,1,0,8,9,6,0,2,0,0,34,4,0.85,True,False,True,False,False,False,True,False,True,False,False
41,0,0,3,5,1,1,0,1,0,40,0,0.645,False,True,False,True,False,False,False,True,False,False,True
37,0,0,6,13,6,2,2,0,0,2,2,0.95,False,True,True,False,False,True,False,False,False,True,False
45,0,0,6,4,8,3,2,1,0,52,2,0.764,True,False,True,False,False,True,False,False,False,False,True
45,0,0,8,6,8,2,0,1,0,0,4,0.922,False,True,True,False,False,True,False,False,False,False,True
36,0,0,2,6,9,0,3,0,2,44,16,0.95,True,False,False,True,False,True,False,False,False,False,True
36,0,0,7,9,11,3,5,0,1,29,14,0.61,False,True,True,False,False,True,False,False,False,False,True
27,0,0,7,3,9,1,2,0,3,21,11,0.698,True,False,False,False,True,True,False,False,False,False,True
37,0,0,1,5,6,1,0,0,2,35,7,0.722,True,False,False,True,False,False,True,False,False,False,True
33,0,0,2,3,12,3,3,2,2,10,5,0.695,True,False,False,True,False,False,False,True,True,False,False
24,0,0,4,3,7,3,2,1,0,46,0,0.624,False,True,False,True,False,False,False,True,True,False,False
34,0,0,8,8,4,6,3,1,1,13,0,0.796,False,True,False,True,False,True,False,False,True,False,False
17,0,0,0,8,11,2,3,0,0,64,4,0.899,False,True,False,False,True,True,False,False,False,False,True
23,0,0,7,8,9,0,0,1,0,24,0,0.598,False,True,True,False,False,False,True,False,False,True,False
34,0,0,7,11,3,3,2,0,0,43,7,0.569,True,False,True,False,False,False,True,False,True,False,False
39,0,0,4,5,4,5,0,0,0,28,2,0.73,False,True,False,False,True,True,False,False,False,False,True
44,0,0,2,3,9,0,1,0,0,42,5,0.909,False,True,False,True,False,True,False,False,False,True,False
35,0,0,5,12,12,5,0,0,0,48,3,0.857,False,True,False,False,True,True,False,False,True,False,False
41,0,0,6,11,2,4,0,0,0,31,5,0.602,False,True,True,False,False,False,True,False,False,False,True
41,0,0,1,7,5,1,3,0,3,53,3,0.714,True,False,False,False,True,False,True,False,False,False,True
24,0,0,1,6,5,1,3,0,0,22,7,0.677,False,True,False,False,True,False,True,False,False,False,True
21,0,0,4,4,3,2,0,0,0,49,0,0.655,False,True,False,True,False,False,False,True,False,True,False
22,0,0,5,4,1,4,4,0,0,36,3,0.698,False,True,True,False,False,False,False,True,False,False,True
32,0,0,7,7,9,2,0,0,0,40,5,0.768,True,False,False,False,True,True,False,False,False,True,False
24,1,0,5,3,3,0,1,1,0,38,10,0.85,True,False,False,True,False,False,True,False,False,False,True
22,0,0,7,5,2,3,3,2,2,0,3,0.662,False,True,False,False,True,False,False,True,True,False,False
29,0,0,3,9,3,1,1,0,2,24,5,0.687,False,True,False,False,True,False,True,False,False,True,False
31,0,0,2,4,0,1,1,0,2,28,4,0.598,True,False,False,True,False,False,False,True,False,False,True
24,0,0,5,10,7,1,1,3,2,61,0,0.634,True,False,True,False,False,False,True,False,False,False,True
39,0,0,5,7,10,3,4,0,1,33,2,0.86,False,True,False,False,True,True,False,False,False,False,True
32,0,0,2,10,12,4,5,1,0,33,12,0.743,True,False,False,False,True,False,False,True,False,False,True
21,0,0,6,8,7,3,0,0,1,31,12,0.703,True,False,False,False,True,False,True,False,False,True,False
45,0,0,2,8,9,3,4,1,0,49,13,0.763,True,False,False,True,False,True,False,False,False,False,True
18,1,0,3,6,3,3,1,0,0,31,13,0.85,True,False,False,False,True,False,True,False,False,False,True
27,0,0,4,3,12,0,0,0,0,39,0,0.897,True,False,False,False,True,True,False,False,False,True,False
24,0,0,2,2,4,1,1,1,3,4,3,0.831,True,False,False,True,False,False,True,False,False,False,True
22,0,0,4,0,0,2,0,0,0,0,11,0.711,False,True,False,True,False,False,False,True,False,False,True
20,0,0,3,8,8,4,1,2,1,22,4,0.694,True,False,False,True,False,False,True,False,False,True,False
44,0,0,2,14,9,4,2,0,0,36,5,0.782,True,False,False,False,True,True,False,False,False,False,True
39,0,0,4,2,1,2,0,0,3,6,6,0.792,True,False,False,True,False,False,False,True,True,False,False
24,0,1,1,4,13,2,3,1,0,24,9,0.85,False,True,False,True,False,True,False,False,False,True,False
35,0,0,5,11,3,0,0,0,2,14,6,0.7,False,True,False,True,False,False,True,False,False,True,False
44,0,0,8,11,8,0,0,0,0,29,10,0.799,True,False,False,False,True,False,True,False,False,False,True
27,0,0,1,8,5,0,4,1,0,47,10,0.712,True,False,False,False,True,False,True,False,True,False,False
18,0,0,2,9,7,3,0,1,0,17,7,0.891,False,True,False,False,True,False,True,False,False,False,True
25,0,0,0,4,9,4,4,2,0,17,5,0.917,False,True,False,True,False,False,True,False,True,False,False
19,0,0,2,0,6,1,3,2,0,19,5,0.95,False,True,False,True,False,False,True,False,False,True,False
21,0,0,10,2,1,4,0,0,1,48,13,0.748,False,True,True,False,False,False,False,True,False,False,True
24,0,0,5,8,9,3,7,0,0,27,4,0.705,True,False,False,False,True,True,False,False,False,False,True
33,0,0,6,9,9,4,0,0,0,45,11,0.649,False,True,True,False,False,False,True,False,False,False,True
44,0,0,6,6,7,2,0,0,0,46,6,0.706,False,True,True,False,False,False,True,False,False,False,True
31,0,0,3,3,3,1,1,1,1,28,3,0.908,True,False,False,True,False,False,True,False,True,False,False
30,1,0,2,6,6,1,2,1,0,28,3,0.85,False,True,False,True,False,False,True,False,False,False,True
32,0,0,8,2,8,3,2,0,0,49,19,0.712,True,False,True,False,False,False,False,True,False,False,True
25,0,0,5,1,6,0,2,0,0,49,9,0.801,False,True,True,False,False,False,True,False,False,False,True
30,0,0,9,13,13,7,4,1,0,35,10,0.765,False,True,True,False,False,False,True,False,False,False,True
42,0,0,3,8,7,5,0,1,1,30,0,0.787,True,False,False,True,False,False,True,False,False,False,True
31,0,0,6,11,13,0,0,3,1,12,0,0.678,True,False,True,False,False,True,False,False,False,True,False
42,0,0,6,11,4,3,0,0,0,45,17,0.762,False,True,True,False,False,False,True,False,False,False,True
35,0,0,2,8,7,0,2,0,0,20,9,0.722,False,True,False,False,True,False,True,False,False,False,True
45,0,0,6,7,7,1,0,1,1,29,13,0.79,True,False,False,False,True,False,True,False,False,True,False
32,0,0,8,11,4,3,0,0,2,89,5,0.87,False,True,True,False,False,True,False,False,False,False,True
30,0,0,1,4,7,1,0,2,1,10,4,0.714,False,True,False,True,False,False,True,False,False,False,True
17,0,0,7,7,14,8,3,0,0,0,14,0.823,False,True,False,False,True,True,False,False,False,False,True
37,0,0,6,6,10,4,3,5,0,54,4,0.738,True,False,False,False,True,False,False,True,False,False,True
22,0,0,7,4,10,4,3,1,0,30,0,0.645,False,True,False,False,True,False,False,True,False,False,True
29,0,0,0,4,7,0,0,3,1,51,9,0.698,False,True,False,True,False,False,True,False,True,False,False
38,0,0,9,10,2,1,0,2,0,18,0,0.782,True,False,True,False,False,False,False,True,False,False,True
26,0,0,4,4,11,0,2,1,0,48,2,0.949,False,True,False,True,False,True,False,False,False,True,False
21,0,0,4,4,7,3,4,1,0,48,14,0.853,True,False,False,False,True,True,False,False,False,True,False
45,0,0,2,4,12,4,0,1,0,20,9,0.658,False,True,False,True,False,True,False,False,False,True,False
23,0,0,4,1,0,1,3,0,0,72,9,0.7,True,False,False,True,False,False,False,True,False,False,True
26,0,0,3,8,5,1,0,0,0,30,21,0.861,False,True,False,False,True,False,True,False,True,False,False
38,0,0,8,5,10,0,3,1,3,39,2,0.773,False,True,True,False,False,True,False,False,False,False,True
20,0,1,1,0,5,0,1,1,1,32,0,0.85,True,False,False,True,False,False,False,True,False,False,True
35,0,0,5,6,9,0,0,0,0,37,7,0.657,False,True,False,True,False,True,False,False,False,False,True
20,0,0,5,8,9,2,0,0,0,7,8,0.707,False,True,False,True,False,False,False,True,False,False,True
31,0,0,8,10,7,5,1,0,2,10,4,0.655,True,False,True,False,False,False,False,True,False,True,False
19,0,0,6,6,7,1,0,3,1,64,13,0.776,False,True,False,False,True,False,False,True,False,False,True
38,0,0,2,9,2,0,1,1,0,61,0,0.748,True,False,False,True,False,False,True,False,True,False,False
20,0,0,5,1,5,1,0,0,0,23,9,0.714,True,False,False,True,False,False,False,True,False,False,True
38,0,0,5,4,1,1,0,1,0,33,11,0.683,True,False,False,True,False,False,False,True,False,True,False
34,0,0,3,4,8,2,2,0,1,17,3,0.628,False,True,False,True,False,False,True,False,False,True,False
37,0,0,1,9,3,5,0,3,0,13,8,0.928,True,False,False,False,True,False,True,False,False,True,False
34,0,0,5,2,3,3,1,1,1,43,17,0.795,False,True,False,True,False,False,True,False,False,True,False
18,0,0,3,2,11,0,3,3,0,59,10,0.707,True,False,False,False,True,False,False,True,False,False,True
45,0,0,6,7,6,1,2,0,1,16,7,0.829,True,False,False,False,True,False,True,False,True,False,False
45,0,0,6,4,8,1,3,0,0,41,12,0.769,False,True,False,False,True,False,False,True,False,True,False
26,0,0,1,0,9,1,4,0,2,43,14,0.713,True,False,False,True,False,True,False,False,False,True,False
45,0,0,5,12,10,3,2,0,1,24,4,0.704,False,True,True,False,False,False,True,False,False,False,True
39,0,0,2,6,8,0,2,3,1,41,4,0.7,True,False,False,True,False,False,False,True,False,True,False
41,0,0,8,11,4,1,5,0,1,21,8,0.696,True,False,True,False,False,False,True,False,False,False,True
40,0,0,6,6,11,0,0,1,0,29,5,0.808,False,True,True,False,False,True,False,False,True,False,False
30,0,0,9,7,7,0,1,0,0,78,8,0.741,True,False,True,False,False,False,True,False,False,False,True
29,0,1,5,8,11,0,5,0,3,28,9,0.85,False,True,False,False,True,False,True,False,False,False,True
28,0,0,4,6,6,0,0,1,0,44,9,0.788,False,True,True,False,False,False,False,True,False,False,True
18,0,0,6,0,3,1,1,0,0,46,5,0.746,False,True,False,False,True,False,False,True,False,True,False
39,0,0,5,7,3,4,0,2,2,45,2,0.931,False,True,False,False,True,False,True,False,False,True,False
31,0,0,3,12,6,3,1,4,0,73,4,0.683,True,False,False,True,False,True,False,False,True,False,False
34,0,0,3,1,10,3,1,4,0,0,0,0.654,True,False,False,False,True,True,False,False,False,False,True
45,0,0,2,7,9,2,5,0,0,53,1,0.729,True,False,False,True,False,True,False,False,False,False,True
25,0,0,7,3,0,1,2,0,2,19,11,0.722,True,False,False,False,True,False,False,True,False,False,True
17,0,0,5,1,5,0,2,3,0,0,1,0.778,True,False,False,False,True,False,True,False,False,True,False
19,0,0,4,8,3,5,0,0,0,28,2,0.708,False,True,False,True,False,False,False,True,False,True,False
35,0,0,9,9,5,2,3,0,0,48,0,0.744,True,False,True,False,False,False,True,False,False,False,True
17,0,1,5,8,8,4,3,2,3,29,3,0.85,True,False,True,False,False,True,False,False,True,False,False
30,0,0,3,10,8,0,3,0,0,68,7,0.58,False,True,False,False,True,False,True,False,False,False,True
40,0,0,5,12,13,5,0,0,1,47,2,0.803,True,False,True,False,False,True,False,False,False,True,False
33,0,0,7,2,6,4,3,1,0,21,15,0.589,False,True,False,False,True,False,True,False,False,False,True
18,0,0,5,5,5,3,3,1,0,70,2,0.698,False,True,False,True,False,False,False,True,False,True,False
32,0,0,6,11,5,3,0,2,0,48,10,0.724,False,True,True,False,False,False,True,False,False,False,True
17,0,0,8,2,8,0,1,1,1,55,3,0.708,True,False,True,False,False,False,False,True,True,False,False
17,0,0,2,7,2,3,0,1,0,63,9,0.836,False,True,False,True,False,False,True,False,False,True,False
38,1,0,5,11,5,7,1,2,0,3,0,0.85,False,True,False,False,True,True,False,False,False,True,False
27,0,0,10,7,7,1,3,0,3,51,8,0.95,True,False,True,False,False,True,False,False,False,False,True
43,0,0,1,8,4,5,0,3,0,80,1,0.86,True,False,False,True,False,False,False,True,False,True,False
22,0,0,8,10,8,1,2,2,0,61,13,0.705,False,True,True,False,False,True,False,False,False,False,True
17,0,0,4,13,1,4,4,0,2,55,0,0.775,False,True,False,True,False,False,True,False,False,True,False
27,0,0,4,5,6,4,2,0,0,40,6,0.698,True,False,False,False,True,False,False,True,False,False,True
33,0,0,1,6,9,2,0,1,2,49,0,0.741,False,True,False,True,False,True,False,False,False,False,True
23,0,0,7,8,12,3,8,0,1,47,5,0.718,False,True,False,False,True,True,False,False,False,False,True
21,0,0,8,8,12,2,2,0,0,45,7,0.786,True,False,False,False,True,True,False,False,True,False,False
27,0,0,3,5,4,5,0,1,0,49,14,0.704,True,False,False,True,False,False,True,False,False,False,True
25,0,0,7,7,2,4,2,0,0,41,6,0.691,True,False,False,False,True,False,False,True,False,False,True
33,0,0,8,8,4,3,1,2,0,0,12,0.653,True,False,True,False,False,False,False,True,False,True,False
17,0,0,3,5,3,4,1,1,1,48,8,0.804,False,True,False,True,False,False,False,True,False,False,True
24,0,0,8,3,4,3,0,4,3,73,9,0.751,True,False,True,False,False,False,False,True,False,False,True
41,0,1,8,8,7,0,4,2,0,66,2,0.85,False,True,False,False,True,False,True,False,False,False,True
38,0,0,2,7,6,4,1,0,0,60,0,0.641,False,True,False,True,False,True,False,False,False,False,True
32,0,0,9,6,9,0,0,0,1,34,3,0.589,False,True,True,False,False,False,True,False,False,True,False
18,0,0,5,5,7,0,2,2,0,46,6,0.771,True,False,False,False,True,True,False,False,True,False,False
22,0,0,1,5,7,1,4,0,0,17,7,0.553,True,False,False,True,False,False,False,True,False,False,True
44,0,0,8,12,11,1,4,1,0,3,0,0.687,True,False,True,False,False,False,True,False,False,True,False
18,0,0,0,6,4,1,1,1,1,26,3,0.699,False,True,False,True,False,False,False,True,False,False,True
27,0,0,8,5,0,1,3,0,0,47,4,0.571,True,False,False,True,False,False,False,True,False,False,True
21,0,0,3,1,7,0,3,0,0,35,0,0.733,False,True,False,False,True,False,True,False,True,False,False
33,0,0,4,11,7,0,1,0,1,18,3,0.627,False,True,False,True,False,False,False,True,False,False,True
44,0,0,10,8,7,1,1,0,2,52,12,0.793,False,True,True,False,False,True,False,False,False,True,False
19,0,0,10,3,10,2,3,0,0,40,10,0.95,True,False,True,False,False,True,False,False,False,False,True
45,0,0,7,8,8,0,1,1,0,35,15,0.616,True,False,False,True,False,True,False,False,True,False,False
34,0,0,5,15,5,4,2,1,0,33,7,0.607,True,False,False,False,True,True,False,False,False,False,True
33,0,0,4,0,9,2,2,1,1,10,17,0.625,True,False,False,True,False,False,False,True,False,True,False
18,0,0,3,11,7,5,7,1,1,22,4,0.819,False,True,False,True,False,False,False,True,False,False,True
20,0,1,5,3,3,2,3,0,1,27,11,0.85,True,False,False,True,False,True,False,False,False,False,True
29,0,0,5,8,3,0,0,2,2,33,2,0.844,True,False,False,False,True,False,False,True,False,True,False
38,0,0,4,8,12,5,4,1,0,63,9,0.718,True,False,False,False,True,True,False,False,False,False,True
24,0,0,2,5,10,0,3,0,2,28,1,0.655,True,False,False,False,True,False,False,True,False,False,True
24,1,0,4,4,5,4,0,0,1,27,9,0.85,True,False,False,False,True,False,True,False,False,False,True
22,0,0,4,10,12,0,4,3,0,33,5,0.795,False,True,True,False,False,True,False,False,False,False,True
24,0,0,2,5,11,0,3,1,0,24,9,0.637,False,True,False,False,True,True,False,False,False,True,False
43,0,0,6,14,5,3,0,0,0,46,11,0.81,False,True,False,False,True,False,True,False,True,False,False
19,0,0,3,2,7,1,4,0,0,42,1,0.811,False,True,False,True,False,False,False,True,False,True,False
33,0,0,7,8,3,2,0,1,0,20,0,0.63,False,True,False,True,False,False,False,True,False,True,False
21,1,0,4,4,7,5,2,1,0,33,11,0.85,True,False,False,True,False,True,False,False,False,True,False
35,0,1,4,10,11,4,3,2,0,35,11,0.85,True,False,False,False,True,True,False,False,False,False,True
24,0,0,3,4,6,1,3,3,1,24,9,0.845,True,False,False,True,False,False,True,False,False,True,False
32,1,0,5,4,7,1,3,2,1,34,0,0.85,True,False,False,False,True,False,False,True,False,True,False
28,1,0,5,9,2,0,0,0,1,29,7,0.85,True,False,False,False,True,False,True,False,True,False,False
29,0,0,7,4,10,3,0,2,1,29,6,0.769,True,False,True,False,False,False,False,True,False,True,False
41,0,0,4,6,4,0,1,1,0,15,9,0.798,True,False,True,False,False,False,False,True,False,False,True
27,0,0,5,8,11,0,0,0,0,1,9,0.751,False,True,True,False,False,True,False,False,False,False,True
44,0,0,3,6,9,0,4,2,2,38,14,0.78,False,True,False,False,True,False,True,False,False,False,True
28,0,0,7,2,8,3,0,2,0,18,6,0.693,True,False,False,False,True,True,False,False,False,False,True
30,0,0,7,4,14,0,4,0,0,28,24,0.849,True,False,True,False,False,True,False,False,True,False,False
36,0,0,3,4,6,0,2,1,1,32,13,0.713,True,False,False,False,True,False,False,True,False,False,True
22,0,0,3,3,11,0,0,4,1,49,17,0.582,True,False,False,True,False,False,True,False,True,False,False
31,0,1,9,10,13,5,3,1,3,17,19,0.85,False,True,True,False,False,False,True,False,False,False,True
26,0,0,7,9,9,5,2,2,0,13,14,0.623,True,False,False,False,True,True,False,False,True,False,False
38,0,0,3,0,10,0,2,1,0,15,6,0.831,True,False,False,False,True,True,False,False,False,True,False
34,0,0,6,8,9,1,1,0,0,38,4,0.719,False,True,True,False,False,False,True,False,False,False,True
36,0,0,8,9,9,0,1,2,1,31,17,0.786,False,True,False,False,True,True,False,False,False,True,False
36,1,0,6,6,10,2,3,3,1,72,4,0.85,False,True,True,False,False,True,False,False,True,False,False
32,0,0,5,1,13,0,3,0,2,41,14,0.814,False,True,False,False,True,True,False,False,False,False,True
42,0,0,4,6,10,0,2,1,0,38,19,0.666,False,True,False,False,True,True,False,False,False,False,True
44,0,0,7,9,10,0,3,0,2,48,8,0.95,True,False,True,False,False,True,False,False,False,True,False
19,0,0,4,6,3,2,1,1,0,50,0,0.642,False,True,False,True,False,False,True,False,True,False,False
25,0,0,1,4,0,2,2,0,1,50,7,0.901,False,True,False,True,False,False,True,False,False,False,True
22,0,0,6,10,7,0,0,0,2,11,5,0.911,True,False,False,False,True,True,False,False,False,False,True
27,0,0,7,7,9,4,0,0,2,56,8,0.725,False,True,False,False,True,False,True,False,False,True,False
29,0,0,3,6,7,1,3,1,0,44,3,0.7,False,True,False,False,True,False,False,True,False,False,True
19,0,0,4,4,3,0,2,0,0,34,6,0.673,False,True,False,True,False,False,False,True,True,False,False
44,0,0,3,7,5,1,3,1,0,32,12,0.737,True,False,False,True,False,False,False,True,False,False,True
45,0,0,5,13,7,6,2,0,0,39,0,0.751,False,True,False,False,True,False,True,False,True,False,False
24,0,0,2,6,12,2,3,2,0,42,7,0.609,True,False,False,True,False,True,False,False,False,True,False
30,1,0,10,5,13,5,4,1,1,35,13,0.85,True,False,False,True,False,True,False,False,False,True,False
33,0,0,3,6,8,1,2,2,0,75,3,0.738,False,True,False,True,False,True,False,False,False,False,True
28,0,0,5,7,5,1,4,1,0,18,16,0.688,True,False,False,True,False,False,True,False,False,False,True
24,0,0,6,3,5,2,3,0,0,38,0,0.774,True,False,False,False,True,False,True,False,False,True,False
18,1,0,5,7,11,5,3,1,0,17,14,0.85,True,False,False,True,False,True,False,False,False,False,True
42,0,0,7,5,6,0,2,1,3,0,0,0.95,False,True,False,False,True,True,False,False,False,False,True
36,0,0,6,3,10,0,2,0,1,19,12,0.812,True,False,True,False,False,False,False,True,False,False,True
21,0,0,6,6,9,1,0,1,0,48,6,0.614,False,True,True,False,False,False,False,True,False,True,False
38,0,0,6,8,5,3,3,0,1,0,0,0.782,False,True,False,False,True,False,True,False,False,False,True
43,0,0,2,7,5,2,1,0,0,48,16,0.893,True,False,False,True,False,False,True,False,False,True,False
25,0,0,4,7,6,3,4,2,0,14,2,0.698,True,False,False,False,True,True,False,False,False,True,False
23,0,0,3,7,4,1,1,1,1,85,17,0.71,False,True,False,True,False,False,True,False,False,False,True
22,0,0,3,8,6,1,0,0,0,55,9,0.651,False,True,False,False,True,True,False,False,False,False,True
34,0,0,4,0,3,0,2,1,0,21,0,0.748,False,True,False,False,True,False,False,True,False,False,True
40,0,0,5,4,11,1,2,2,0,60,3,0.698,False,True,False,True,False,True,False,False,False,True,False
21,0,0,7,9,9,2,0,0,2,0,8,0.704,False,True,True,False,False,False,True,False,False,True,False
45,0,0,3,7,6,5,2,0,0,49,9,0.648,True,False,False,True,False,False,True,False,False,False,True
39,0,0,5,12,7,6,0,1,1,47,0,0.777,True,False,False,False,True,True,False,False,False,True,False
32,0,0,2,9,3,1,0,0,1,0,0,0.618,True,False,False,True,False,False,True,False,False,False,True
30,0,1,7,8,6,0,1,0,0,32,3,0.85,False,True,False,False,True,False,True,False,False,False,True
21,0,0,8,0,7,2,3,0,0,38,11,0.726,False,True,True,False,False,False,True,False,False,False,True
25,0,0,10,7,10,0,0,0,0,46,0,0.816,False,True,False,False,True,True,False,False,False,False,True
40,0,0,5,7,7,1,4,1,0,18,2,0.812,False,True,False,False,True,True,False,False,False,False,True
26,0,0,4,8,4,5,0,0,0,20,13,0.731,True,False,False,True,False,False,False,True,False,True,False
27,0,0,7,11,11,3,2,3,0,56,8,0.836,True,False,True,False,False,False,True,False,False,False,True
31,0,0,5,7,7,2,1,0,1,63,8,0.865,True,False,True,False,False,True,False,False,False,False,True
37,0,0,5,2,8,0,1,2,0,36,5,0.637,True,False,False,False,True,False,True,False,False,False,True
27,0,0,5,6,9,0,7,0,1,62,8,0.862,True,False,False,False,True,False,True,False,False,True,False
30,0,0,10,3,7,1,2,0,0,16,11,0.791,False,True,True,False,False,False,False,True,False,False,True
34,0,0,7,6,7,3,1,2,1,51,9,0.559,False,True,True,False,False,False,True,False,False,True,False
31,0,0,7,6,7,1,2,0,3,32,6,0.808,False,True,True,False,False,True,False,False,False,False,True
37,1,0,4,8,6,1,3,0,0,18,0,0.85,True,False,False,False,True,True,False,False,False,False,True
21,0,0,4,4,10,2,5,1,0,87,10,0.796,True,False,False,True,False,True,False,False,False,True,False
45,0,0,5,7,8,1,0,2,2,4,12,0.704,True,False,False,False,True,True,False,False,False,True,False
26,0,0,6,6,17,0,6,0,4,41,10,0.734,True,False,False,False,True,True,False,False,False,False,True
28,0,0,5,6,8,1,4,0,1,39,9,0.925,False,True,False,True,False,False,True,False,False,False,True
24,0,0,4,5,7,1,4,0,0,41,12,0.647,True,False,False,True,False,False,True,False,False,False,True
39,0,0,1,8,3,3,2,0,1,55,6,0.722,True,False,False,False,True,False,True,False,False,True,False
23,0,0,4,4,6,0,2,0,0,17,8,0.588,True,False,False,False,True,False,True,False,True,False,False
29,0,0,6,8,5,0,0,0,1,38,17,0.665,True,False,False,True,False,False,True,False,False,False,True
20,0,0,8,6,7,0,3,1,0,17,10,0.724,False,True,False,False,True,False,False,True,False,False,True
44,0,0,4,4,6,0,2,2,1,36,3,0.587,False,True,False,True,False,False,False,True,False,True,False
20,1,0,3,9,11,1,2,3,4,55,16,0.85,True,False,False,False,True,True,False,False,False,False,True
27,0,0,4,3,9,1,3,1,0,52,9,0.779,True,False,False,False,True,False,True,False,False,False,True
44,0,0,5,3,7,0,0,1,1,45,5,0.894,True,False,False,False,True,False,False,True,False,False,True
34,0,0,1,3,9,0,3,2,2,53,15,0.717,True,False,False,True,False,False,False,True,False,False,True
17,0,0,6,7,9,4,2,0,0,40,7,0.586,True,False,False,False,True,False,False,True,False,False,True
25,1,0,6,9,8,0,1,1,2,58,19,0.85,True,False,True,False,False,False,True,False,False,False,True
35,0,0,5,8,7,1,6,0,0,43,0,0.741,False,True,False,False,True,False,False,True,False,False,True
30,0,0,11,5,5,1,4,1,2,49,2,0.816,True,False,True,False,False,True,False,False,False,False,True
44,1,0,4,9,2,3,1,2,2,36,3,0.85,True,False,False,False,True,False,False,True,False,True,False
23,0,0,3,7,4,7,1,2,0,27,12,0.782,True,False,False,False,True,False,False,True,False,True,False
28,0,0,7,2,2,0,2,1,0,48,15,0.752,True,False,True,False,False,False,False,True,True,False,False
29,0,0,7,12,2,8,1,3,0,30,11,0.745,True,False,False,False,True,True,False,False,False,False,True
32,0,0,9,6,10,3,4,1,0,1,5,0.812,True,False,True,False,False,True,False,False,False,False,True
22,0,0,7,8,11,2,4,0,0,30,8,0.629,False,True,True,False,False,False,True,False,False,False,True
18,0,0,4,12,4,3,2,1,0,16,10,0.597,False,True,False,True,False,False,True,False,False,False,True
38,0,0,0,9,7,5,3,1,2,39,11,0.817,False,True,False,True,False,False,True,False,True,False,False
32,0,0,0,3,6,0,2,0,1,43,11,0.821,True,False,False,True,False,True,False,False,True,False,False
43,0,0,3,10,10,0,3,1,1,27,8,0.642,False,True,False,True,False,False,True,False,False,False,True
23,1,0,7,6,9,0,4,0,0,35,5,0.85,False,True,False,False,True,True,False,False,False,False,True
19,1,0,2,3,8,0,0,0,1,36,12,0.85,True,False,False,True,False,False,True,False,True,False,False
17,0,0,3,9,11,1,2,2,3,54,18,0.797,True,False,True,False,False,True,False,False,False,False,True
28,0,0,1,5,1,1,0,1,0,30,17,0.798,False,True,False,True,False,False,True,False,False,False,True
32,0,0,3,7,5,3,0,0,0,40,7,0.639,True,False,False,True,False,False,True,False,False,False,True
42,0,0,2,6,9,4,0,2,0,0,5,0.699,True,False,False,False,True,False,False,True,True,False,False
26,0,0,5,5,1,0,3,0,0,50,0,0.676,False,True,False,True,False,False,True,False,False,False,True
39,0,1,5,10,13,0,2,0,1,12,0,0.85,False,True,True,False,False,True,False,False,False,False,True
38,0,0,6,9,12,2,2,3,2,56,3,0.696,False,True,True,False,False,False,True,False,False,True,False
37,0,0,4,8,8,1,7,0,0,47,0,0.934,False,True,False,True,False,True,False,False,False,False,True
18,0,0,3,9,4,2,0,0,3,8,2,0.641,True,False,False,False,True,True,False,False,False,False,True
29,0,0,8,9,10,1,4,1,0,20,4,0.95,True,False,True,False,False,True,False,False,False,False,True
45,0,0,5,4,5,2,2,1,0,85,9,0.729,False,True,False,False,True,False,False,True,False,True,False
29,0,0,5,3,3,0,0,0,2,24,7,0.692,False,True,False,False,True,False,True,False,False,False,True
32,0,0,4,10,6,4,5,1,3,24,6,0.846,True,False,False,False,True,True,False,False,False,True,False
45,0,0,0,3,4,0,0,3,0,56,6,0.672,False,True,False,True,False,False,True,False,False,False,True
24,0,0,8,8,0,0,0,0,1,26,0,0.657,True,False,False,True,False,False,True,False,False,True,False
30,0,0,5,4,11,1,6,0,0,41,8,0.908,False,True,True,False,False,True,False,False,False,False,True
24,0,0,10,5,7,2,3,0,2,39,19,0.696,False,True,False,False,True,True,False,False,True,False,False
42,0,0,7,14,7,4,3,0,1,58,11,0.69,False,True,False,False,True,False,True,False,False,True,False
26,1,0,8,6,7,0,0,0,2,36,18,0.85,False,True,True,False,False,False,True,False,False,True,False
25,0,0,2,5,8,3,3,0,0,33,16,0.712,False,True,False,False,True,False,False,True,False,False,True
29,0,0,4,1,6,0,2,1,2,7,9,0.748,True,False,False,False,True,True,False,False,False,True,False
20,0,0,7,6,6,3,0,2,0,38,0,0.715,True,False,False,False,True,False,True,False,False,False,True
25,0,0,6,6,10,4,3,0,0,22,2,0.95,True,False,False,False,True,True,False,False,False,False,True
39,0,0,0,2,1,1,2,2,0,46,3,0.846,True,False,False,True,False,False,True,False,False,False,True
41,0,0,2,4,1,1,3,2,3,42,7,0.862,True,False,False,True,False,False,True,False,False,True,False
31,0,0,10,5,10,6,6,0,1,37,9,0.942,True,False,True,False,False,True,False,False,False,True,False
24,0,0,5,12,6,1,0,1,1,26,9,0.646,True,False,True,False,False,False,False,True,False,False,True
42,0,0,8,7,5,2,1,2,0,27,19,0.815,True,False,True,False,False,False,True,False,False,False,True
45,0,0,4,5,9,1,0,1,0,22,4,0.714,False,True,False,True,False,True,False,False,False,True,False
25,0,0,5,11,1,3,0,2,2,37,7,0.783,False,True,False,False,True,False,False,True,False,True,False
27,0,0,3,5,8,0,1,0,0,60,10,0.847,True,False,False,False,True,False,False,True,False,False,True
38,0,0,6,10,11,1,1,0,1,20,12,0.805,True,False,False,False,True,True,False,False,False,True,False
22,0,0,6,11,9,2,0,0,0,46,0,0.95,False,True,True,False,False,True,False,False,False,False,True
38,0,0,1,4,7,0,2,0,1,11,11,0.742,False,True,False,True,False,True,False,False,False,False,True
41,0,0,4,6,9,2,2,2,0,32,1,0.686,True,False,True,False,False,True,False,False,False,False,True
41,0,0,10,11,13,3,8,0,0,30,7,0.735,False,True,True,False,False,True,False,False,False,False,True
33,0,0,5,15,15,6,0,3,0,58,2,0.702,True,False,False,False,True,True,False,False,False,True,False
18,0,0,3,4,3,2,1,1,1,49,4,0.651,False,True,False,False,True,False,True,False,False,False,True
35,1,0,7,3,4,0,1,1,2,56,12,0.85,True,False,False,False,True,True,False,False,False,False,True
35,0,0,7,5,0,0,0,0,0,39,3,0.659,True,False,False,False,True,False,False,True,False,False,True
24,0,0,5,10,5,1,2,0,0,24,24,0.635,True,False,False,False,True,False,True,False,False,True,False
24,0,0,4,6,9,2,3,1,2,58,5,0.836,True,False,False,False,True,False,True,False,False,False,True
27,0,0,4,5,9,3,1,1,0,28,6,0.827,True,False,False,False,True,False,True,False,True,False,False
36,0,0,9,6,7,0,2,0,1,16,4,0.685,True,False,True,False,False,False,True,False,False,False,True
22,1,0,6,12,8,6,0,0,1,44,11,0.85,True,False,False,False,True,True,False,False,False,False,True
35,0,0,1,6,6,1,0,2,0,20,0,0.84,True,False,False,False,True,False,True,False,False,True,False
41,0,0,0,5,1,1,0,0,0,56,4,0.911,False,True,False,True,False,False,True,False,False,True,False
25,0,0,5,12,14,5,2,0,1,59,0,0.637,False,True,False,False,True,True,False,False,False,True,False
34,0,0,4,7,11,5,1,2,0,10,3,0.793,True,False,False,True,False,True,False,False,True,False,False
20,0,0,3,3,4,0,0,1,1,68,9,0.721,False,True,False,True,False,False,False,True,False,True,False
44,0,0,3,5,3,0,1,2,2,14,5,0.68,True,False,False,True,False,False,True,False,False,False,True
40,0,0,0,6,4,4,1,0,0,42,15,0.719,False,True,False,True,False,True,False,False,False,False,True
44,0,0,7,10,6,4,1,1,2,22,12,0.662,True,False,False,False,True,True,False,False,False,True,False
26,0,0,2,6,7,3,0,0,0,45,8,0.698,True,False,False,False,True,False,True,False,False,False,True
17,0,0,5,6,5,1,6,0,0,28,3,0.884,False,True,False,True,False,False,True,False,False,True,False
22,0,0,2,2,9,1,4,0,3,47,6,0.75,True,False,False,False,True,False,True,False,True,False,False
20,0,0,4,8,11,2,0,2,0,14,0,0.665,False,True,False,True,False,True,False,False,False,False,True
31,0,0,5,6,3,3,2,0,1,46,14,0.763,True,False,False,True,False,False,True,False,False,True,False
36,0,0,6,9,7,3,2,0,0,63,9,0.674,True,False,True,False,False,False,True,False,False,False,True
20,0,0,3,4,4,0,0,1,0,30,0,0.775,False,True,False,False,True,False,True,False,False,True,False
17,0,1,3,3,10,2,4,0,0,38,9,0.85,True,False,False,False,True,True,False,False,False,True,False
23,0,0,5,5,0,3,0,0,0,42,2,0.555,True,False,False,True,False,False,True,False,False,False,True
26,0,0,1,10,4,5,0,0,2,23,0,0.611,False,True,False,True,False,False,True,False,False,True,False
23,0,0,6,8,11,0,1,0,1,30,8,0.692,True,False,False,False,True,False,False,True,True,False,False
31,0,0,2,6,7,1,5,0,0,35,3,0.705,False,True,False,True,False,True,False,False,False,False,True
39,0,0,9,13,5,2,2,3,3,16,6,0.686,False,True,True,False,False,False,False,True,False,False,True
17,0,0,7,8,10,2,3,0,2,53,15,0.792,False,True,False,False,True,False,False,True,False,False,True
36,0,0,6,7,10,2,4,1,2,19,8,0.694,True,False,False,False,True,False,True,False,False,True,False
21,0,0,7,6,4,2,2,0,0,13,8,0.573,True,False,False,False,True,False,False,True,False,True,False
23,0,1,6,10,7,4,3,0,2,30,7,0.85,True,False,True,False,False,False,True,False,False,False,True
17,0,0,5,8,3,3,0,0,1,55,15,0.843,True,False,False,False,True,False,True,False,False,False,True
36,0,0,6,6,1,2,0,3,2,28,17,0.83,True,False,False,False,True,False,False,True,False,True,False
32,0,0,1,4,10,1,4,2,0,20,11,0.673,True,False,False,True,False,False,True,False,False,False,True
27,0,0,3,9,8,4,1,0,0,43,12,0.603,False,True,False,True,False,True,False,False,False,True,False
43,0,0,4,4,7,0,2,0,0,50,0,0.72,True,False,False,False,True,False,True,False,False,False,True
30,0,0,7,1,8,0,0,0,1,33,0,0.703,True,False,False,False,True,False,True,False,True,False,False
36,0,0,6,2,4,0,6,3,3,36,12,0.74,False,True,False,True,False,False,False,True,False,True,False
36,0,0,2,8,13,2,8,2,4,33,0,0.813,True,False,False,True,False,True,False,False,False,False,True
35,0,0,7,3,9,3,2,0,2,11,7,0.771,True,False,False,False,True,True,False,False,False,True,False
27,1,0,3,4,0,3,0,1,0,21,0,0.85,False,True,False,True,False,False,True,False,False,False,True
35,0,0,2,6,3,3,1,2,0,39,10,0.689,True,False,False,False,True,False,False,True,False,False,True
42,0,1,2,3,7,3,1,2,0,27,5,0.85,False,True,False,False,True,False,True,False,False,True,False
21,0,0,5,7,2,4,1,3,0,42,1,0.681,True,False,False,True,False,False,True,False,False,False,True
23,0,0,5,2,17,1,2,1,1,52,12,0.68,True,False,False,False,True,True,False,False,False,True,False
25,0,0,2,8,6,2,2,1,0,47,5,0.653,False,True,False,True,False,True,False,False,False,False,True
29,0,0,4,4,9,3,2,1,0,50,10,0.764,True,False,False,False,True,False,True,False,False,False,True
22,0,0,0,11,3,7,1,2,4,29,4,0.777,True,False,False,True,False,False,True,False,True,False,False
32,0,0,4,14,8,4,5,3,1,22,2,0.949,True,False,True,False,False,True,False,False,False,True,False
43,0,0,8,4,9,0,1,0,2,50,0,0.58,True,False,False,False,True,False,True,False,False,True,False
33,0,0,12,9,6,2,3,0,2,6,0,0.891,True,False,True,False,False,True,False,False,False,False,True
33,0,0,9,5,12,4,0,1,0,49,0,0.734,True,False,False,False,True,True,False,False,True,False,False
23,0,0,3,0,1,0,0,1,0,39,6,0.618,True,False,False,False,True,False,False,True,True,False,False
45,0,0,7,2,5,5,0,1,2,46,11,0.76,True,False,False,False,True,False,True,False,False,False,True
36,0,0,3,0,10,0,0,1,0,18,12,0.785,False,True,False,True,False,False,False,True,True,False,False
21,0,0,7,4,6,1,2,0,1,66,20,0.565,True,False,False,True,False,False,True,False,False,True,False
40,0,0,3,13,9,4,5,1,3,39,12,0.718,False,True,False,False,True,False,True,False,False,True,False
45,0,0,6,3,7,0,2,0,0,75,5,0.706,True,False,True,False,False,False,True,False,False,False,True
44,0,0,3,8,9,3,3,1,3,27,0,0.587,True,False,False,True,False,False,True,False,False,False,True
19,0,0,7,6,10,2,4,1,0,36,6,0.803,False,True,False,False,True,False,True,False,False,True,False
41,0,0,1,2,10,4,4,1,0,32,10,0.683,False,True,False,False,True,False,True,False,False,False,True
34,0,0,2,11,2,1,4,1,2,38,0,0.743,True,False,False,True,False,False,False,True,True,False,False
17,0,0,1,8,11,2,1,1,1,20,0,0.753,False,True,False,True,False,True,False,False,False,False,True
36,0,0,0,7,8,0,3,1,0,14,1,0.699,False,True,False,False,True,False,True,False,True,False,False
44,0,0,4,7,7,3,5,0,0,21,11,0.695,True,False,False,False,True,False,False,True,False,True,False
34,0,0,6,10,6,3,2,0,3,45,8,0.698,False,True,True,False,False,False,True,False,False,True,False
43,0,0,4,5,0,4,3,1,0,37,9,0.687,True,False,False,True,False,False,False,True,False,False,True
34,0,0,5,1,11,0,2,2,0,69,3,0.815,True,False,True,False,False,True,False,False,False,True,False
29,0,0,4,7,5,1,4,1,6,4,0,0.715,True,False,False,True,False,False,False,True,True,False,False
28,0,0,3,3,13,0,5,0,0,61,12,0.605,True,False,False,False,True,True,False,False,False,False,True
18,0,0,6,9,13,6,1,0,1,30,5,0.858,False,True,False,False,True,True,False,False,False,False,True
42,0,0,5,10,10,3,3,0,0,55,3,0.695,True,False,False,False,True,True,False,False,False,True,False
37,0,0,5,7,9,0,3,1,0,11,12,0.703,True,False,False,False,True,True,False,False,False,False,True
21,0,0,6,11,4,3,0,2,1,58,7,0.757,True,False,True,False,False,False,True,False,True,False,False
41,0,0,7,5,9,1,0,0,0,61,12,0.624,False,True,True,False,False,False,True,False,False,False,True
18,0,0,5,6,4,3,0,0,0,10,10,0.735,False,True,False,False,True,False,True,False,False,False,True
21,0,0,6,4,6,2,0,1,1,51,1,0.67,False,True,False,False,True,True,False,False,False,False,True
24,0,0,4,5,1,2,2,0,0,36,15,0.794,False,True,False,False,True,False,True,False,False,True,False
24,0,0,6,5,4,0,4,1,2,41,0,0.677,False,True,False,False,True,False,True,False,False,False,True
21,0,0,3,11,0,0,0,1,0,14,2,0.767,True,False,False,True,False,False,True,False,False,False,True
23,0,0,7,9,6,4,1,0,1,51,4,0.616,False,True,False,False,True,True,False,False,False,False,True
35,0,1,5,8,5,1,1,0,2,34,10,0.85,True,False,True,False,False,False,True,False,False,False,True
42,0,0,8,6,10,3,4,0,0,22,7,0.64,True,False,False,False,True,False,True,False,False,False,True
22,0,0,2,11,4,0,3,1,2,29,0,0.635,True,False,False,True,False,False,True,False,True,False,False
24,0,0,8,11,12,0,1,0,0,25,12,0.761,True,False,True,False,False,True,False,False,False,False,True
23,0,0,3,5,4,1,0,3,0,12,1,0.6,True,False,False,False,True,False,False,True,False,True,False
33,0,0,9,2,8,0,0,0,1,56,3,0.693,True,False,False,False,True,True,False,False,False,False,True
17,0,0,3,7,6,2,4,0,0,4,10,0.731,False,True,False,True,False,False,True,False,False,False,True
19,0,0,7,13,7,2,2,0,0,11,6,0.702,True,False,True,False,False,False,True,False,False,False,True
40,0,0,3,5,8,0,1,2,0,47,0,0.744,True,False,False,False,True,False,True,False,False,False,True
44,0,0,7,13,4,4,0,0,1,39,0,0.771,True,False,False,True,False,False,True,False,False,False,True
28,0,0,0,7,6,2,2,0,0,13,6,0.727,False,True,False,True,False,False,True,False,False,False,True
36,0,0,6,9,5,0,2,3,1,20,6,0.652,False,True,False,False,True,False,True,False,True,False,False
34,0,0,7,8,4,1,1,0,0,69,11,0.736,False,True,False,False,True,False,False,True,False,False,True
24,0,0,5,12,4,1,0,0,0,52,6,0.704,True,False,False,False,True,False,True,False,False,True,False
29,0,0,3,8,4,4,0,0,1,16,0,0.756,True,False,False,True,False,False,True,False,False,False,True
17,0,0,1,4,9,2,4,0,0,28,0,0.637,False,True,False,True,False,True,False,False,False,False,True
36,0,0,2,4,7,2,1,0,3,29,7,0.577,False,True,False,True,False,False,False,True,False,True,False
44,0,0,4,2,2,0,2,0,0,55,7,0.738,True,False,False,False,True,False,True,False,False,False,True
42,0,0,5,5,10,0,4,1,5,61,0,0.705,False,True,False,False,True,True,False,False,False,False,True
19,0,0,5,5,6,2,0,1,3,9,4,0.721,True,False,True,False,False,False,True,False,False,True,False
36,0,0,5,8,3,3,0,0,0,28,8,0.654,True,False,False,False,True,True,False,False,False,True,False
22,0,0,12,9,6,5,0,1,0,10,12,0.942,True,False,True,False,False,True,False,False,False,False,True
20,0,0,10,8,7,4,0,0,0,52,0,0.74,True,False,False,False,True,False,True,False,False,False,True
32,1,0,2,7,3,2,0,1,1,5,7,0.85,True,False,False,True,False,False,True,False,False,False,True
44,0,0,8,12,9,5,3,3,0,73,10,0.707,False,True,True,False,False,False,True,False,False,False,True
24,0,0,1,4,0,4,0,0,2,41,7,0.573,True,False,False,True,False,False,True,False,False,False,True
35,0,0,5,0,7,2,1,1,1,35,7,0.66,True,False,True,False,False,False,False,True,False,False,True
20,0,0,6,7,14,0,1,1,0,18,6,0.763,False,True,True,False,False,True,False,False,False,False,True
22,0,0,5,6,8,1,1,0,0,54,0,0.55,False,True,False,False,True,False,True,False,True,False,False
20,0,0,8,8,7,0,3,2,2,11,4,0.742,True,False,False,False,True,False,True,False,False,False,True
38,0,0,3,11,6,2,0,0,0,2,12,0.606,False,True,False,False,True,False,True,False,False,False,True
26,0,0,8,6,8,0,0,0,0,34,7,0.95,True,False,True,False,False,True,False,False,False,False,True
25,0,0,10,4,8,2,3,0,0,24,3,0.805,True,False,True,False,False,False,False,True,True,False,False
36,0,0,8,4,12,0,1,0,0,26,15,0.761,False,True,True,False,False,True,False,False,True,False,False
28,0,0,5,3,15,0,6,0,0,35,5,0.717,True,False,True,False,False,False,True,False,True,False,False
36,0,0,6,7,6,2,0,0,0,34,7,0.77,False,True,True,False,False,False,True,False,False,False,True
31,0,0,0,11,12,1,1,0,0,32,2,0.645,True,False,False,True,False,True,False,False,False,True,False
25,0,0,3,3,12,6,3,2,0,29,0,0.753,True,False,False,True,False,False,True,False,False,False,True
27,0,0,4,4,1,0,0,1,0,27,8,0.801,True,False,True,False,False,False,True,False,False,True,False
20,0,1,3,13,11,0,2,0,1,34,7,0.85,True,False,False,False,True,True,False,False,False,False,True
40,0,0,4,12,3,3,0,0,0,49,7,0.722,True,False,True,False,False,False,True,False,False,False,True
31,0,0,6,10,13,7,2,0,2,51,2,0.948,True,False,False,False,True,True,False,False,False,True,False
42,0,0,4,1,4,1,2,0,3,15,8,0.819,False,True,False,False,True,True,False,False,False,False,True
24,0,0,6,6,9,5,0,1,0,47,2,0.636,False,True,False,False,True,True,False,False,False,True,False
30,0,0,2,5,3,1,2,1,3,34,7,0.619,False,True,False,False,True,False,True,False,False,False,True
26,0,0,3,5,3,2,1,0,0,67,10,0.805,True,False,False,False,True,False,True,False,False,False,True
25,0,0,1,5,3,3,5,2,2,46,8,0.642,False,True,False,True,False,True,False,False,False,False,True
22,0,0,2,7,0,0,0,0,2,43,3,0.715,True,False,False,True,False,False,True,False,False,False,True
23,1,0,3,6,0,0,0,0,0,36,2,0.85,False,True,False,True,False,False,False,True,False,False,True
20,0,0,2,12,9,1,0,1,0,73,9,0.662,True,False,False,True,False,True,False,False,False,False,True
20,0,0,0,5,5,2,1,0,0,30,3,0.794,True,False,False,True,False,False,False,True,False,True,False
40,0,0,5,14,10,2,3,0,0,65,23,0.694,False,True,False,False,True,False,False,True,False,False,True
30,0,0,6,0,5,1,4,1,3,24,9,0.836,True,False,False,False,True,False,False,True,False,False,True
44,1,0,4,8,8,1,8,0,3,17,11,0.85,True,False,False,False,True,False,False,True,False,False,True
42,0,0,7,11,8,3,3,0,3,28,4,0.644,False,True,True,False,False,False,True,False,False,False,True
20,0,0,3,8,6,5,1,3,0,42,7,0.643,False,True,True,False,False,True,False,False,False,False,True
30,0,0,3,4,0,1,0,3,0,0,5,0.72,True,False,False,True,False,False,False,True,True,False,False
43,0,0,1,4,7,1,2,1,1,62,7,0.716,True,False,False,True,False,True,False,False,True,False,False
20,0,0,4,4,1,1,3,0,0,40,3,0.741,False,True,False,False,True,False,True,False,False,False,True
43,0,1,2,8,1,5,0,1,0,13,9,0.85,False,True,False,True,False,False,True,False,False,True,False
38,0,0,9,8,6,3,2,1,0,52,6,0.707,True,False,True,False,False,False,True,False,False,False,True
34,0,0,4,6,5,0,2,0,4,10,1,0.875,False,True,True,False,False,False,False,True,False,False,True
36,0,0,0,12,8,0,1,0,0,0,7,0.816,False,True,False,True,False,True,False,False,False,False,True
25,0,0,7,5,5,0,4,0,0,81,0,0.736,True,False,False,True,False,False,True,False,False,False,True
44,0,0,7,9,14,0,5,0,2,23,11,0.907,False,True,True,False,False,True,False,False,False,False,True
29,0,0,3,4,5,0,0,0,0,15,9,0.651,True,False,False,True,False,False,True,False,False,False,True
27,0,0,5,5,12,0,1,0,1,22,5,0.95,False,True,True,False,False,True,False,False,False,True,False
29,0,1,4,3,5,2,2,0,0,29,2,0.85,True,False,False,False,True,False,False,True,False,False,True
21,0,0,7,6,13,1,1,2,0,50,0,0.95,True,False,True,False,False,True,False,False,False,False,True
29,0,0,7,4,8,0,0,0,0,12,6,0.662,True,False,False,False,True,True,False,False,False,False,True
33,0,0,6,5,8,1,2,0,0,20,11,0.688,True,False,True,False,False,False,True,False,True,False,False
22,0,0,5,4,6,1,0,1,0,40,1,0.799,True,False,False,False,True,True,False,False,False,True,False
24,0,0,5,0,4,1,0,0,0,37,9,0.715,False,True,False,False,True,False,False,True,False,False,True
22,0,0,8,6,5,0,3,0,0,24,8,0.755,True,False,False,False,True,True,False,False,False,False,True
23,0,0,5,9,9,5,6,0,2,57,1,0.76,True,False,False,True,False,True,False,False,False,True,False
34,0,0,0,7,7,3,1,2,0,44,7,0.756,True,False,False,True,False,False,True,False,True,False,False
36,0,0,5,6,5,0,0,0,0,56,4,0.807,False,True,False,True,False,False,True,False,False,False,True
41,0,0,5,4,14,0,2,0,0,41,0,0.95,True,False,True,False,False,True,False,False,False,False,True
34,0,0,6,11,7,2,2,1,2,58,6,0.602,False,True,False,False,True,False,False,True,False,False,True
26,0,0,1,4,4,1,1,0,1,22,7,0.688,True,False,False,False,True,False,True,False,False,False,True
31,0,0,5,12,12,0,3,2,0,28,4,0.695,False,True,False,False,True,True,False,False,False,True,False
19,0,0,10,9,11,4,1,0,0,24,19,0.896,False,True,True,False,False,True,False,False,False,False,True
39,0,0,7,4,3,0,0,0,0,14,7,0.717,False,True,False,False,True,False,False,True,False,False,True
31,0,0,2,4,12,0,0,0,0,43,2,0.794,True,False,False,True,False,False,False,True,False,False,True
38,0,0,5,8,5,2,2,0,1,45,0,0.919,True,False,False,False,True,False,True,False,True,False,False
43,1,0,7,6,6,0,3,0,0,49,6,0.85,False,True,True,False,False,False,True,False,False,True,False
36,0,0,5,7,10,3,2,1,1,29,4,0.95,True,False,True,False,False,True,False,False,False,False,True
27,0,0,0,7,6,1,1,0,2,29,13,0.586,True,False,False,True,False,False,True,False,False,True,False
28,0,0,8,12,12,5,3,1,3,65,11,0.832,True,False,True,False,False,True,False,False,True,False,False
35,0,0,6,7,9,5,1,1,2,32,0,0.741,True,False,False,False,True,False,False,True,False,False,True
19,0,0,9,9,4,4,0,2,0,43,13,0.795,True,False,True,False,False,False,False,True,False,True,False
26,0,0,4,10,9,2,3,0,0,3,10,0.709,False,True,False,True,False,True,False,False,False,False,True
40,0,0,2,3,4,2,2,1,1,8,4,0.752,True,False,False,True,False,True,False,False,True,False,False
26,1,0,5,5,5,0,3,2,0,3,12,0.85,False,True,False,False,True,True,False,False,False,False,True
34,1,0,7,8,7,3,3,0,0,22,5,0.85,True,False,True,False,False,False,True,False,False,False,True
21,0,0,2,8,0,5,0,2,0,44,8,0.776,False,True,False,False,True,False,False,True,False,False,True
21,0,0,6,4,17,0,2,0,0,13,13,0.797,False,True,False,False,True,True,False,False,True,False,False
25,0,0,5,8,5,4,4,0,1,63,6,0.718,True,False,True,False,False,False,True,False,False,False,True
41,0,0,6,10,4,1,0,0,0,32,19,0.684,False,True,False,False,True,False,True,False,False,False,True
36,0,0,5,10,8,4,0,0,3,15,4,0.806,True,False,False,True,False,True,False,False,False,False,True
22,0,0,8,2,13,4,0,2,0,29,7,0.744,False,True,False,False,True,True,False,False,False,True,False
22,0,0,2,0,0,2,0,0,0,71,0,0.573,True,False,False,True,False,False,False,True,False,True,False
26,0,0,4,5,4,1,4,1,0,37,19,0.55,False,True,False,True,False,False,False,True,False,False,True
42,0,0,7,7,7,2,0,0,0,19,0,0.681,True,False,False,False,True,False,True,False,False,False,True
17,0,0,4,10,11,3,6,0,0,22,9,0.63,True,False,False,False,True,True,False,False,False,False,True
34,0,0,1,2,9,3,0,2,0,34,0,0.665,True,False,False,False,True,False,False,True,True,False,False
23,0,0,4,8,2,5,2,2,0,74,18,0.708,True,False,True,False,False,False,False,True,True,False,False
36,0,0,9,9,6,0,3,1,5,33,8,0.697,True,False,True,False,False,False,True,False,True,False,False
27,1,0,0,5,6,0,1,0,2,14,7,0.85,True,False,False,True,False,True,False,False,False,False,True
28,1,0,11,10,16,3,1,0,2,52,5,0.85,True,False,True,False,False,True,False,False,False,False,True
32,0,0,0,9,5,5,0,1,1,5,8,0.733,True,False,False,True,False,True,False,False,False,True,False
34,0,0,6,5,8,0,4,0,2,0,0,0.655,True,False,True,False,False,False,True,False,False,True,False
38,0,0,5,7,7,0,2,1,0,25,0,0.801,False,True,False,False,True,False,False,True,True,False,False
40,0,0,2,8,10,0,4,1,0,0,5,0.791,True,False,False,False,True,False,False,True,False,False,True
38,1,0,6,7,6,1,1,1,0,50,0,0.85,True,False,False,False,True,False,False,True,False,False,True
40,0,0,8,8,7,0,2,0,0,37,5,0.701,False,True,True,False,False,False,True,False,False,True,False
25,0,0,6,10,11,4,5,0,1,0,20,0.948,True,False,True,False,False,True,False,False,False,False,True
39,0,0,8,10,5,3,3,0,1,41,18,0.574,True,False,True,False,False,False,True,False,False,False,True
18,0,0,2,1,8,0,0,0,0,40,9,0.866,True,False,False,True,False,True,False,False,False,False,True
43,0,0,5,7,11,6,0,3,0,34,14,0.66,False,True,True,False,False,True,False,False,True,False,False
27,0,0,5,5,12,4,4,2,1,17,0,0.711,False,True,False,False,True,True,False,False,False,True,False
32,0,0,1,3,11,0,4,1,1,49,7,0.741,False,True,False,True,False,True,False,False,False,False,True
43,0,0,4,10,8,1,0,0,0,11,9,0.742,False,True,False,False,True,False,False,True,False,True,False
30,1,0,0,5,7,1,6,0,0,37,9,0.85,False,True,False,True,False,False,False,True,False,True,False
35,0,0,4,7,3,4,1,0,3,35,0,0.701,True,False,False,False,True,True,False,False,False,False,True
26,0,0,7,4,14,0,2,0,0,31,5,0.706,True,False,False,False,True,True,False,False,False,False,True
40,0,0,3,6,13,0,0,0,0,21,0,0.555,True,False,False,True,False,False,True,False,False,False,True
19,0,0,1,8,5,2,1,1,0,28,11,0.843,False,True,False,True,False,False,True,False,True,False,False
30,0,0,6,4,10,1,4,0,1,40,12,0.6,False,True,False,False,True,True,False,False,False,False,True
32,0,0,0,9,4,2,0,0,0,23,0,0.69,False,True,False,True,False,False,True,False,False,True,False
44,0,0,7,0,6,1,0,0,1,12,12,0.75,False,True,False,False,True,False,False,True,False,False,True
20,1,0,0,4,6,0,1,0,1,42,0,0.85,True,False,False,True,False,False,False,True,False,False,True
45,0,0,5,6,7,4,2,0,3,18,0,0.611,True,False,False,True,False,True,False,False,True,False,False
35,1,0,7,9,15,4,6,0,3,38,2,0.85,True,False,True,False,False,True,False,False,False,False,True
28,0,0,8,6,0,0,0,0,0,70,11,0.717,True,False,True,False,False,False,True,False,False,False,True
24,0,0,11,12,5,3,1,0,0,44,18,0.72,False,True,True,False,False,False,False,True,False,False,True
33,0,0,7,1,7,4,3,2,1,36,15,0.696,False,True,False,False,True,False,True,False,False,False,True
25,0,0,8,8,6,4,4,1,1,64,11,0.612,False,True,False,False,True,False,True,False,False,True,False
45,0,0,5,6,12,0,2,0,2,62,9,0.64,False,True,False,False,True,False,True,False,True,False,False
25,1,0,2,7,5,3,0,0,0,35,14,0.85,True,False,False,True,False,False,False,True,False,True,False
43,0,0,10,10,2,3,0,0,0,29,5,0.709,True,False,True,False,False,False,False,True,False,True,False
30,0,0,9,11,2,5,1,0,0,38,9,0.78,True,False,True,False,False,False,False,True,False,False,True
35,0,0,5,7,7,0,4,0,0,34,9,0.726,True,False,False,False,True,False,True,False,False,False,True
42,0,0,3,1,3,0,1,2,0,8,3,0.613,False,True,False,True,False,False,False,True,False,False,True
40,0,0,7,1,2,0,2,0,1,31,7,0.578,False,True,False,False,True,False,True,False,False,True,False
27,0,0,2,6,9,1,1,0,0,40,6,0.805,False,True,False,True,False,False,False,True,False,False,True
24,0,0,1,5,0,0,0,1,0,51,10,0.688,True,False,False,True,False,False,False,True,False,True,False
27,0,0,5,5,2,1,3,0,3,24,0,0.668,False,True,False,False,True,False,True,False,True,False,False
36,0,0,6,9,12,3,3,0,0,28,4,0.612,True,False,True,False,False,False,False,True,False,False,True
27,0,0,6,9,4,4,1,2,2,18,7,0.674,True,False,False,False,True,False,False,True,False,False,True
36,0,0,2,9,5,3,1,0,0,38,2,0.721,False,True,False,False,True,True,False,False,False,False,True
30,0,1,10,3,10,3,2,0,0,35,12,0.85,True,False,False,False,True,True,False,False,False,False,True
27,0,1,6,3,1,2,0,0,1,43,5,0.85,True,False,True,False,False,False,False,True,False,True,False
38,0,0,5,1,7,0,4,0,0,1,4,0.677,False,True,False,False,True,False,False,True,False,False,True
18,0,0,2,10,12,5,2,1,0,34,9,0.778,True,False,False,False,True,True,False,False,False,False,True
28,0,0,7,3,7,0,3,0,1,24,1,0.7,True,False,False,False,True,False,True,False,False,True,False
31,0,0,2,7,9,0,5,0,1,59,0,0.709,True,False,False,True,False,False,False,True,False,True,False
22,0,0,2,7,6,1,2,0,1,0,9,0.633,True,False,False,True,False,True,False,False,False,False,True
38,1,0,3,9,10,3,6,1,0,19,8,0.85,False,True,False,True,False,True,False,False,False,False,True
22,0,0,5,11,10,7,2,0,0,25,11,0.75,True,False,False,False,True,False,True,False,False,False,True
22,0,0,6,4,11,1,4,1,3,27,7,0.697,True,False,False,False,True,False,True,False,False,False,True
20,0,0,1,6,8,4,2,0,3,0,7,0.736,False,True,False,True,False,True,False,False,True,False,False
34,0,0,6,7,7,2,4,1,4,18,11,0.803,False,True,False,True,False,False,False,True,True,False,False
45,0,0,5,9,6,4,0,0,1,2,14,0.766,True,False,False,False,True,False,True,False,False,False,True
23,0,0,5,8,5,4,1,0,0,31,13,0.864,False,True,True,False,False,True,False,False,False,False,True
43,0,0,3,6,6,4,2,0,2,52,10,0.95,True,False,False,True,False,True,False,False,False,True,False
21,0,0,4,4,9,2,4,2,0,31,3,0.618,True,False,False,False,True,True,False,False,False,False,True
24,0,0,6,3,1,3,2,0,0,24,0,0.717,True,False,False,False,True,False,False,True,False,True,False
39,0,0,4,8,10,2,1,1,1,55,8,0.784,True,False,True,False,False,True,False,False,False,True,False
41,0,0,4,9,0,4,1,0,0,35,3,0.745,False,True,False,True,False,False,True,False,False,False,True
30,0,0,5,5,5,2,2,0,1,44,3,0.693,True,False,False,False,True,False,True,False,False,True,False
42,0,0,7,3,7,1,4,0,1,23,7,0.715,False,True,False,False,True,True,False,False,False,True,False
21,0,0,5,7,5,6,5,0,0,48,10,0.78,False,True,True,False,False,False,True,False,True,False,False
23,0,0,5,4,12,4,3,2,4,57,5,0.772,False,True,False,False,True,False,True,False,False,False,True
22,0,0,5,10,14,3,4,2,3,33,10,0.811,True,False,True,False,False,True,False,False,True,False,False
45,0,0,6,5,11,0,4,2,2,42,6,0.734,False,True,True,False,False,False,False,True,False,False,True
35,0,0,2,3,1,1,3,2,0,70,4,0.626,True,False,False,True,False,False,False,True,False,False,True
27,0,0,9,11,7,2,0,1,0,42,18,0.701,True,False,False,False,True,False,False,True,False,True,False
31,0,0,8,10,9,3,1,0,2,60,0,0.761,True,False,True,False,False,True,False,False,False,False,True
31,0,0,6,5,7,1,1,0,1,7,2,0.89,True,False,False,False,True,True,False,False,False,True,False
41,0,0,4,7,12,0,3,0,1,66,12,0.806,False,True,False,True,False,False,True,False,False,False,True
44,0,0,5,9,5,5,2,2,1,43,0,0.808,False,True,False,True,False,False,False,True,False,False,True
27,0,0,0,3,5,4,4,0,3,58,0,0.716,False,True,False,True,False,True,False,False,False,False,True
31,1,0,0,9,1,2,0,2,0,29,12,0.85,True,False,False,True,False,False,True,False,True,False,False
38,0,0,2,4,4,1,0,0,0,24,13,0.576,False,True,False,True,False,False,False,True,False,False,True
37,0,0,6,7,9,4,5,1,1,28,11,0.711,False,True,False,False,True,False,False,True,False,False,True
22,0,0,1,6,12,0,0,1,0,63,16,0.634,False,True,False,True,False,True,False,False,False,True,False
34,0,0,4,6,6,0,2,2,0,50,8,0.744,False,True,False,False,True,False,True,False,False,False,True
45,0,0,9,12,8,2,2,0,0,34,5,0.717,False,True,True,False,False,False,True,False,False,False,True
41,0,0,5,5,6,0,1,2,0,22,5,0.838,False,True,False,False,True,False,True,False,True,False,False
41,0,0,10,1,6,0,0,0,1,23,7,0.681,False,True,False,False,True,False,False,True,False,True,False
37,0,0,1,6,5,1,0,0,0,0,0,0.657,True,False,False,True,False,True,False,False,False,True,False
31,0,0,0,4,9,1,7,0,2,49,7,0.756,False,True,False,True,False,True,False,False,True,False,False
34,0,0,1,6,10,0,4,0,1,31,3,0.671,True,False,False,True,False,True,False,False,True,False,False
28,0,0,3,1,7,3,2,1,0,38,5,0.771,False,True,False,True,False,True,False,False,False,False,True
24,0,0,2,2,7,3,0,1,0,31,4,0.642,False,True,False,True,False,True,False,False,True,False,False
32,0,0,2,4,6,4,1,2,0,14,8,0.832,False,True,False,True,False,True,False,False,False,False,True
31,0,0,2,12,3,0,0,0,0,19,4,0.608,True,False,False,False,True,False,False,True,False,False,True
38,0,0,1,11,10,2,2,0,1,34,0,0.801,False,True,False,False,True,False,True,False,False,True,False
22,1,0,4,7,9,5,3,0,1,27,0,0.85,False,True,False,True,False,True,False,False,True,False,False
44,0,0,1,7,14,3,8,0,4,35,5,0.853,True,False,False,True,False,True,False,False,False,True,False
42,0,0,6,8,7,4,0,0,0,38,0,0.676,False,True,False,False,True,False,True,False,False,False,True
26,0,0,5,3,9,0,3,0,2,56,1,0.924,False,True,False,True,False,True,False,False,False,True,False
18,0,0,4,4,8,5,4,3,2,11,1,0.716,True,False,False,False,True,True,False,False,False,True,False
22,1,0,0,7,8,2,1,0,2,43,8,0.85,False,True,False,False,True,False,False,True,False,False,True
34,0,0,6,4,3,1,0,1,0,26,7,0.692,False,True,True,False,False,False,False,True,False,False,True
19,0,0,7,6,2,0,0,1,1,40,11,0.819,True,False,True,False,False,False,False,True,False,False,True
35,0,0,3,2,6,1,1,1,1,7,7,0.708,False,True,False,True,False,False,False,True,False,False,True
44,0,0,0,7,4,3,3,0,0,57,7,0.623,True,False,False,True,False,True,False,False,False,False,True
24,0,0,11,5,4,0,2,0,0,35,6,0.658,True,False,True,False,False,False,True,False,False,True,False
32,0,0,7,7,4,0,2,1,0,51,5,0.614,False,True,True,False,False,False,False,True,False,False,True
40,0,0,2,9,13,2,3,0,0,19,12,0.901,False,True,True,False,False,True,False,False,False,True,False
20,0,0,8,8,10,0,1,0,0,60,1,0.63,False,True,False,False,True,False,True,False,False,True,False
21,0,0,2,7,7,3,2,0,1,28,7,0.701,True,False,False,True,False,False,True,False,False,True,False
21,0,0,5,5,13,3,5,0,0,32,11,0.67,True,False,False,False,True,True,False,False,False,False,True
41,0,0,10,8,8,2,1,2,2,49,1,0.799,True,False,False,False,True,False,True,False,False,False,True
34,0,0,3,5,5,1,0,0,0,65,9,0.667,False,True,False,True,False,True,False,False,False,False,True
32,0,0,5,1,9,0,2,0,1,19,18,0.674,True,False,False,False,True,True,False,False,False,False,True
31,0,1,7,4,7,0,1,1,0,29,11,0.85,True,False,True,False,False,False,True,False,False,True,False
41,0,0,7,12,4,7,0,0,0,49,5,0.903,False,True,True,False,False,True,False,False,False,False,True
35,0,0,0,8,7,0,2,2,2,22,12,0.658,False,True,False,True,False,False,False,True,False,False,True
41,1,0,9,7,6,0,0,0,1,29,3,0.85,False,True,True,False,False,False,True,False,False,True,False
31,0,0,8,5,7,0,2,1,2,20,3,0.685,True,False,True,False,False,False,True,False,False,False,True
18,0,0,2,6,5,1,4,1,1,37,12,0.744,True,False,False,False,True,False,False,True,True,False,False
21,0,0,5,9,3,0,1,1,1,49,2,0.645,False,True,False,False,True,False,False,True,False,False,True
40,0,0,10,6,8,1,1,0,2,48,0,0.798,False,True,True,False,False,False,False,True,False,True,False
39,0,0,5,3,14,4,6,0,0,16,1,0.95,False,True,True,False,False,True,False,False,False,False,True
24,0,0,5,4,16,4,2,0,1,32,10,0.738,True,False,True,False,False,True,False,False,True,False,False
23,0,0,5,4,5,0,0,0,0,37,9,0.715,True,False,False,True,False,True,False,False,False,False,True
31,0,0,5,11,5,0,0,0,0,66,10,0.614,True,False,False,False,True,True,False,False,False,False,True
43,0,0,6,8,9,2,0,0,0,30,2,0.758,True,False,False,False,True,True,False,False,True,False,False
26,0,0,6,4,6,2,2,0,2,0,0,0.789,False,True,False,True,False,False,True,False,False,False,True
35,0,0,8,10,13,1,5,0,2,58,2,0.95,True,False,False,False,True,True,False,False,False,False,True
40,0,1,0,9,8,3,2,1,1,39,9,0.85,True,False,True,False,False,False,True,False,False,False,True
39,0,0,2,8,3,5,4,4,1,26,8,0.696,False,True,False,False,True,False,True,False,False,False,True
30,0,0,6,7,7,3,0,2,0,44,13,0.814,False,True,False,False,True,False,True,False,False,False,True
41,0,0,5,10,11,2,2,0,0,80,0,0.713,True,False,False,False,True,True,False,False,False,True,False
21,0,0,8,4,11,1,3,0,2,11,11,0.95,False,True,True,False,False,True,False,False,False,False,True
23,0,0,3,0,3,5,1,2,0,29,11,0.727,False,True,False,False,True,False,False,True,False,True,False
28,0,0,6,0,3,5,2,2,0,15,5,0.692,False,True,False,False,True,False,False,True,False,True,False
29,0,0,3,9,4,3,0,0,0,33,10,0.569,False,True,True,False,False,False,False,True,False,False,True
33,0,0,9,8,6,2,2,1,0,30,2,0.95,True,False,False,False,True,False,True,False,False,True,False
43,0,0,10,3,5,3,4,2,4,25,9,0.574,False,True,True,False,False,False,True,False,False,False,True
24,0,0,4,6,3,4,1,0,0,80,18,0.905,True,False,False,False,True,False,True,False,False,False,True
42,0,0,1,4,7,1,2,2,0,26,14,0.622,True,False,False,False,True,True,False,False,False,False,True
24,0,0,5,13,12,4,3,0,0,42,7,0.743,True,False,True,False,False,False,True,False,False,False,True
29,0,0,2,7,6,1,4,3,0,53,9,0.773,True,False,False,True,False,True,False,False,False,False,True
34,0,0,6,3,8,6,3,3,2,24,8,0.563,False,True,False,True,False,False,True,False,False,False,True
27,0,0,5,10,9,2,0,2,0,72,6,0.584,True,False,True,False,False,False,True,False,False,False,True
42,0,0,6,6,9,2,0,0,3,30,3,0.699,False,True,False,False,True,False,True,False,False,False,True
42,0,0,8,14,9,3,2,0,0,37,10,0.804,False,True,True,False,False,True,False,False,False,False,True
18,0,0,6,0,8,0,2,0,3,0,15,0.698,False,True,False,False,True,False,False,True,False,False,True
44,1,0,8,8,0,3,1,0,0,24,5,0.85,False,True,False,False,True,False,True,False,True,False,False
34,0,0,3,8,12,0,1,0,0,0,2,0.837,True,False,False,True,False,True,False,False,False,True,False
34,0,0,6,2,9,0,1,1,0,65,6,0.715,False,True,False,False,True,True,False,False,False,True,False
17,0,0,1,3,2,0,1,0,0,14,2,0.818,True,False,False,True,False,False,False,True,False,False,True
32,0,0,1,3,7,0,1,0,2,33,5,0.756,False,True,False,False,True,True,False,False,False,True,False
36,0,0,3,5,12,0,3,3,0,26,13,0.706,True,False,False,True,False,True,False,False,False,True,False
18,0,0,3,11,5,3,0,1,1,4,5,0.765,False,True,False,False,True,True,False,False,False,False,True
31,0,0,8,4,10,1,1,1,0,9,0,0.811,True,False,False,False,True,False,True,False,False,True,False
32,0,0,3,6,3,1,2,0,0,52,6,0.686,False,True,False,True,False,False,True,False,False,False,True
36,0,0,2,9,5,6,0,1,0,55,14,0.841,True,False,False,True,False,True,False,False,False,False,True
29,0,0,3,6,15,3,2,3,1,49,9,0.658,True,False,False,False,True,True,False,False,False,False,True
37,0,0,6,8,12,3,0,0,1,57,2,0.831,False,True,False,False,True,False,True,False,False,True,False
43,0,0,4,9,4,3,3,0,2,19,4,0.729,False,True,False,False,True,False,False,True,False,False,True
29,0,0,6,7,10,2,0,1,0,36,7,0.89,True,False,True,False,False,True,False,False,False,False,True
20,0,0,4,7,5,1,4,0,2,24,4,0.732,True,False,True,False,False,False,True,False,False,False,True
36,0,0,7,9,3,7,0,0,3,45,0,0.709,False,True,False,True,False,False,True,False,False,False,True
20,0,0,1,8,10,2,4,2,3,38,8,0.659,True,False,True,False,False,False,True,False,False,False,True
42,0,0,6,9,5,0,4,0,2,50,1,0.872,False,True,True,False,False,False,False,True,False,False,True
26,1,0,6,4,8,1,4,0,0,46,12,0.85,True,False,True,False,False,False,False,True,False,False,True
29,0,0,5,5,3,0,0,0,1,32,3,0.616,False,True,False,False,True,False,True,False,False,True,False
44,0,1,3,5,4,1,2,0,1,22,3,0.85,False,True,False,True,False,False,False,True,False,True,False
33,0,0,7,8,2,0,1,0,0,27,24,0.675,False,True,True,False,False,False,True,False,False,True,False
17,0,0,4,4,2,0,0,0,1,25,16,0.807,False,True,False,True,False,False,True,False,True,False,False
18,1,0,2,6,6,0,1,0,0,53,4,0.85,False,True,False,True,False,True,False,False,False,False,True
39,0,0,3,8,12,0,6,1,0,26,18,0.78,False,True,False,False,True,True,False,False,False,False,True
24,0,0,4,3,14,4,4,3,1,18,0,0.857,True,False,False,False,True,True,False,False,False,False,True
20,0,0,6,12,15,4,5,0,1,36,12,0.749,False,True,False,False,True,False,True,False,False,True,False
39,0,1,1,5,10,2,3,1,0,0,0,0.85,False,True,False,True,False,False,True,False,False,False,True
39,0,0,5,8,5,5,3,1,0,25,0,0.724,True,False,False,False,True,False,False,True,False,True,False
40,0,0,8,5,2,2,0,1,0,40,12,0.723,True,False,False,False,True,False,False,True,False,False,True
36,0,0,5,8,4,1,2,1,0,47,0,0.561,False,True,False,False,True,False,False,True,True,False,False
27,0,0,6,5,4,0,0,0,0,33,5,0.689,True,False,True,False,False,False,True,False,False,True,False
19,0,0,8,10,4,0,1,0,0,37,0,0.744,False,True,False,False,True,True,False,False,False,False,True
29,0,0,6,10,9,3,2,0,1,44,0,0.817,False,True,False,True,False,True,False,False,False,True,False
25,0,0,8,5,9,0,5,0,0,5,6,0.95,True,False,True,False,False,True,False,False,False,True,False
29,0,0,5,9,9,3,3,0,1,13,3,0.95,False,True,True,False,False,True,False,False,False,True,False
17,0,0,5,4,11,3,4,2,1,41,7,0.69,True,False,True,False,False,False,False,True,False,False,True
24,0,1,4,3,5,2,2,3,1,0,18,0.85,True,False,False,False,True,False,True,False,False,True,False
44,0,0,5,11,5,4,2,0,0,63,5,0.557,True,False,True,False,False,False,True,False,False,False,True
33,0,0,5,6,6,0,0,3,0,14,13,0.61,True,False,False,True,False,True,False,False,False,True,False
18,1,0,6,7,5,0,4,1,0,10,0,0.85,False,True,False,False,True,False,True,False,True,False,False
45,0,0,8,7,6,1,3,0,0,15,6,0.684,False,True,True,False,False,False,True,False,True,False,False
44,0,1,6,7,7,0,5,0,2,24,8,0.85,False,True,False,True,False,False,True,False,False,False,True
29,0,0,1,2,10,0,2,2,2,51,0,0.742,False,True,False,True,False,False,True,False,False,False,True
30,0,0,6,7,6,4,5,0,0,55,7,0.775,False,True,False,True,False,True,False,False,False,True,False
17,0,1,9,3,7,0,0,2,0,22,2,0.85,False,True,True,False,False,False,False,True,False,True,False
40,0,0,6,6,2,1,5,3,1,28,0,0.716,False,True,False,False,True,False,False,True,False,False,True
21,0,0,6,5,8,0,1,2,1,39,12,0.761,True,False,False,False,True,False,True,False,False,False,True
39,0,0,4,2,2,1,3,0,2,28,9,0.638,False,True,False,False,True,False,False,True,False,True,False
31,0,0,3,7,5,5,0,0,0,23,13,0.729,False,True,False,True,False,False,True,False,True,False,False
42,0,0,5,7,1,0,4,0,0,28,7,0.727,False,True,False,False,True,False,True,False,False,False,True
29,0,0,5,7,4,1,3,1,4,24,7,0.7,False,True,False,False,True,False,True,False,False,False,True
35,0,0,0,3,11,0,2,2,0,12,16,0.784,False,True,False,True,False,True,False,False,False,False,True
21,0,0,5,6,5,3,2,1,2,1,3,0.783,False,True,True,False,False,False,False,True,False,False,True
40,0,0,3,9,3,0,0,1,0,29,9,0.736,True,False,False,False,True,False,True,False,False,False,True
43,0,0,5,6,3,2,0,0,0,25,6,0.709,False,True,False,True,False,False,True,False,False,True,False
37,0,0,0,10,7,2,2,0,2,53,7,0.706,False,True,False,True,False,True,False,False,False,True,False
38,0,0,6,5,9,0,9,0,5,52,0,0.826,True,False,False,False,True,False,True,False,False,False,True
23,0,0,2,11,5,1,0,1,0,61,5,0.95,True,False,False,True,False,False,True,False,False,False,True
25,0,0,1,2,1,3,1,1,2,29,15,0.723,False,True,False,True,False,False,True,False,False,True,False
21,0,0,6,3,17,0,3,0,4,24,9,0.745,False,True,False,False,True,False,True,False,False,False,True
20,0,0,10,6,0,1,0,0,0,11,19,0.777,False,True,False,False,True,False,True,False,False,False,True
19,0,0,5,0,9,1,4,2,3,32,3,0.841,False,True,False,False,True,True,False,False,False,False,True
24,0,0,1,10,7,2,0,1,0,44,3,0.718,True,False,False,False,True,True,False,False,True,False,False
34,0,0,5,6,12,0,0,0,0,33,2,0.716,True,False,False,False,True,True,False,False,False,True,False
44,0,0,5,10,14,2,1,2,1,50,3,0.616,True,False,False,True,False,True,False,False,True,False,False
35,0,0,5,8,3,3,0,0,1,43,7,0.699,True,False,True,False,False,False,False,True,False,False,True
36,0,0,7,10,11,0,0,0,0,15,14,0.712,False,True,False,False,True,False,True,False,False,True,False
40,0,0,4,6,8,0,0,0,0,12,4,0.729,True,False,False,False,True,False,False,True,False,True,False
44,0,0,6,4,9,0,5,1,0,25,13,0.673,False,True,False,False,True,False,False,True,False,False,True
24,0,0,9,6,3,3,4,2,1,26,9,0.737,False,True,True,False,False,False,False,True,False,True,False
41,0,0,5,6,7,3,3,0,1,14,2,0.95,True,False,True,False,False,True,False,False,False,True,False
35,0,0,0,5,4,1,1,2,0,4,7,0.922,True,False,False,True,False,False,True,False,False,True,False
18,0,0,6,6,4,1,2,0,1,15,0,0.91,True,False,True,False,False,False,False,True,False,True,False
23,0,0,5,8,1,2,1,0,1,3,7,0.854,False,True,False,False,True,False,True,False,True,False,False
26,0,0,6,13,5,0,2,0,0,39,8,0.843,True,False,True,False,False,True,False,False,False,False,True
38,0,0,3,2,1,0,1,0,0,31,17,0.749,False,True,False,True,False,False,False,True,False,False,True
24,0,0,2,5,1,3,1,3,3,37,13,0.787,False,True,False,True,False,False,True,False,True,False,False
17,0,0,8,6,8,1,0,1,1,32,8,0.643,False,True,True,False,False,False,False,True,False,True,False
23,0,0,5,5,13,1,3,0,1,61,0,0.636,False,True,False,False,True,True,False,False,True,False,False
38,0,0,3,4,5,0,2,0,1,30,10,0.673,False,True,False,True,False,True,False,False,False,False,True
19,0,0,3,11,3,1,0,2,1,4,4,0.745,False,True,False,True,False,True,False,False,False,True,False
40,0,0,6,5,6,2,4,1,0,43,13,0.781,False,True,False,True,False,False,False,True,False,True,False
27,0,0,7,9,10,2,6,0,0,48,8,0.886,False,True,True,False,False,True,False,False,False,True,False
18,0,0,8,10,11,0,3,0,0,7,0,0.703,True,False,True,False,False,False,True,False,False,False,True
37,0,0,4,5,2,1,3,0,0,20,2,0.846,True,False,True,False,False,False,False,True,False,False,True
19,0,0,5,3,10,1,3,1,0,9,8,0.581,True,False,True,False,False,False,False,True,False,True,False
34,0,0,7,6,11,0,0,1,1,56,8,0.877,True,False,False,False,True,False,True,False,False,False,True
26,1,0,2,5,7,3,2,0,0,62,3,0.85,True,False,False,True,False,True,False,False,False,False,True
26,0,1,8,2,7,1,2,0,0,31,14,0.85,True,False,True,False,False,False,True,False,False,True,False
44,0,0,1,7,1,2,0,2,0,39,8,0.792,True,False,False,True,False,False,True,False,False,True,False
40,1,0,3,6,4,4,5,0,2,61,1,0.85,True,False,False,True,False,True,False,False,False,True,False
20,0,0,10,11,6,2,0,0,0,48,17,0.721,False,True,True,False,False,False,True,False,False,True,False
30,0,0,8,7,7,4,1,1,0,45,8,0.748,False,True,True,False,False,False,False,True,False,False,True
36,0,0,4,4,6,0,4,0,0,16,8,0.72,True,False,False,False,True,False,True,False,False,False,True
45,0,0,5,2,3,0,1,0,1,31,12,0.667,False,True,False,False,True,True,False,False,False,True,False
25,0,0,4,8,8,4,2,0,0,25,18,0.698,False,True,False,False,True,False,False,True,False,False,True
28,0,0,6,4,9,0,6,0,0,62,16,0.791,True,False,False,True,False,False,True,False,False,False,True
35,0,0,6,7,4,4,0,0,0,34,10,0.759,True,False,True,False,False,False,True,False,False,False,True
34,0,0,5,11,12,5,0,0,3,30,0,0.725,True,False,True,False,False,False,True,False,False,True,False
28,0,0,8,4,7,2,2,0,0,38,6,0.718,True,False,False,False,True,False,True,False,False,False,True
23,0,0,0,3,9,0,0,0,0,73,0,0.64,False,True,False,True,False,True,False,False,False,False,True
45,0,0,4,11,6,3,1,2,4,54,11,0.776,False,True,False,True,False,True,False,False,False,True,False
43,0,0,3,6,6,0,1,0,1,33,0,0.757,True,False,False,True,False,True,False,False,False,False,True
37,0,0,5,10,11,5,2,2,1,22,6,0.837,False,True,False,True,False,False,True,False,False,True,False
41,0,0,7,8,6,0,1,1,0,51,11,0.687,True,False,False,False,True,False,False,True,False,False,True
24,0,0,2,4,11,0,1,0,3,22,10,0.628,True,False,False,False,True,False,False,True,False,True,False
21,0,0,6,6,9,6,0,1,0,41,3,0.819,True,False,False,True,False,True,False,False,False,True,False
17,1,0,2,7,1,2,0,0,1,0,0,0.85,True,False,False,True,False,False,True,False,False,False,True
30,0,0,4,8,10,5,0,2,0,26,19,0.614,True,False,False,True,False,True,False,False,False,False,True
34,0,0,5,13,9,6,4,3,4,3,8,0.738,False,True,False,False,True,True,False,False,False,True,False
32,0,0,3,7,9,0,2,2,0,57,4,0.816,True,False,False,True,False,False,True,False,False,True,False
25,0,0,4,9,9,4,5,2,0,27,12,0.673,False,True,True,False,False,False,True,False,False,False,True
31,0,0,1,1,4,0,1,1,1,35,13,0.747,True,False,False,True,False,False,True,False,False,False,True
40,1,0,6,10,6,1,1,0,0,15,6,0.85,False,True,False,False,True,False,True,False,False,False,True
22,0,0,0,8,11,1,0,2,0,47,0,0.804,True,False,False,True,False,True,False,False,False,True,False
37,0,0,6,5,12,3,5,3,0,37,1,0.737,False,True,False,True,False,True,False,False,False,True,False
17,0,0,5,5,11,1,2,0,0,6,8,0.697,True,False,False,True,False,True,False,False,False,False,True
28,0,0,7,9,8,2,1,0,0,54,2,0.64,True,False,True,False,False,False,False,True,False,False,True
30,0,0,3,9,8,2,3,0,4,40,3,0.695,False,True,False,False,True,False,True,False,False,False,True
44,0,0,5,8,8,3,6,2,1,17,2,0.669,True,False,False,False,True,False,True,False,False,False,True
25,0,0,3,7,5,2,0,1,1,21,0,0.681,True,False,False,True,False,False,True,False,True,False,False
28,0,0,6,5,7,4,0,1,3,24,2,0.797,False,True,False,False,True,False,False,True,False,False,True
37,0,0,1,9,9,3,1,1,2,66,11,0.621,True,False,False,False,True,True,False,False,False,False,True
20,0,0,4,9,5,1,4,0,0,40,2,0.7,False,True,False,False,True,True,False,False,False,False,True
41,0,0,7,3,3,0,1,4,0,36,7,0.722,False,True,False,False,True,False,True,False,False,False,True
39,0,0,2,0,0,1,0,1,0,15,11,0.565,True,False,False,True,False,False,False,True,False,False,True
44,0,0,2,9,5,2,1,1,0,59,13,0.885,True,False,True,False,False,True,False,False,False,True,False
35,0,0,4,6,5,7,5,2,1,55,8,0.75,True,False,False,False,True,False,True,False,False,False,True
34,0,0,7,2,6,0,3,0,0,7,2,0.621,True,False,False,False,True,False,False,True,False,False,True
45,0,0,5,5,6,3,0,0,0,35,6,0.694,True,False,True,False,False,False,True,False,False,True,False
39,0,0,4,7,0,1,0,0,1,32,0,0.707,True,False,False,True,False,False,True,False,False,False,True
21,0,0,8,10,4,4,2,0,0,37,0,0.678,False,True,False,False,True,False,False,True,False,True,False
28,0,0,9,2,4,0,0,1,1,53,10,0.712,False,True,True,False,False,False,False,True,True,False,False
19,0,0,3,11,3,4,0,2,1,34,16,0.69,True,False,False,False,True,False,True,False,True,False,False
18,0,0,5,8,11,1,3,0,3,23,6,0.772,True,False,False,False,True,True,False,False,False,False,True
44,0,0,4,9,11,0,3,3,0,0,2,0.806,True,False,False,False,True,True,False,False,False,False,True
38,0,0,6,7,3,1,0,3,0,51,10,0.698,False,True,False,False,True,False,False,True,False,True,False
27,0,0,4,7,4,2,0,0,3,50,3,0.707,True,False,False,True,False,False,True,False,False,False,True
36,0,0,8,6,8,6,0,0,0,29,3,0.567,True,False,True,False,False,False,True,False,False,False,True
35,0,0,8,5,7,2,5,1,1,17,16,0.849,True,False,True,False,False,True,False,False,False,True,False
36,0,0,3,8,7,0,4,0,0,12,9,0.729,False,True,False,False,True,False,False,True,False,True,False
33,1,0,7,6,15,5,2,0,0,45,7,0.85,False,True,True,False,False,True,False,False,True,False,False
41,1,0,5,6,4,0,0,0,0,56,5,0.85,True,False,False,True,False,False,True,False,False,True,False
43,0,0,7,4,4,1,2,0,2,68,0,0.602,True,False,False,False,True,True,False,False,False,False,True
31,0,0,10,11,9,0,4,4,0,13,14,0.867,False,True,True,False,False,True,False,False,False,False,True
40,0,1,3,4,6,2,0,3,0,28,8,0.85,False,True,False,True,False,True,False,False,False,False,True
34,0,0,4,4,4,1,0,4,0,40,0,0.815,True,False,False,True,False,False,False,True,False,True,False
36,0,0,7,0,5,0,2,0,0,52,11,0.701,True,False,False,False,True,False,False,True,False,True,False
41,0,0,4,3,7,7,6,2,0,21,11,0.651,True,False,False,True,False,True,False,False,False,False,True
43,0,0,0,7,5,0,3,0,0,30,5,0.624,True,False,False,True,False,True,False,False,False,False,True
35,0,0,3,9,8,7,0,0,3,34,4,0.838,True,False,False,False,True,False,True,False,False,False,True
40,0,0,5,6,9,0,3,0,0,15,6,0.595,False,True,True,False,False,False,True,False,False,True,False
27,0,0,5,11,8,5,0,0,3,49,0,0.717,False,True,False,False,True,False,True,False,False,True,False
45,0,0,7,8,8,5,3,2,1,17,5,0.703,True,False,True,False,False,False,False,True,False,False,True
26,0,0,3,2,1,1,0,0,1,36,4,0.593,False,True,False,True,False,False,True,False,True,False,False
28,0,0,7,9,8,0,4,2,2,17,6,0.572,False,True,True,False,False,False,True,False,False,True,False
40,0,0,4,3,3,2,0,2,0,32,0,0.911,True,False,False,True,False,False,True,False,False,True,False
44,0,0,1,2,2,0,1,0,0,8,0,0.636,False,True,False,True,False,False,False,True,False,True,False
27,0,0,3,5,13,1,4,1,0,22,9,0.875,False,True,False,True,False,True,False,False,False,True,False
19,0,0,5,12,8,1,3,2,0,4,7,0.851,True,False,False,False,True,True,False,False,False,True,False
39,0,0,10,2,2,0,0,0,0,45,10,0.768,False,True,False,False,True,False,False,True,False,False,True
25,0,0,2,8,9,5,0,0,0,53,14,0.617,True,False,False,False,True,True,False,False,True,False,False
33,0,0,3,4,5,1,4,2,4,34,8,0.683,True,False,False,True,False,False,False,True,False,True,False
28,0,0,4,4,12,4,4,2,1,45,0,0.689,True,False,False,False,True,True,False,False,True,False,False
27,0,0,2,9,3,0,0,0,2,37,0,0.705,False,True,False,False,True,False,True,False,False,True,False
28,0,0,6,0,7,0,0,1,2,23,2,0.71,False,True,True,False,False,False,False,True,False,False,True
39,0,0,5,4,6,4,1,0,0,8,20,0.682,False,True,False,True,False,False,True,False,False,False,True
29,0,0,6,11,6,2,1,1,0,14,2,0.803,True,False,False,True,False,True,False,False,False,True,False
41,0,0,8,4,11,7,3,3,0,4,2,0.851,True,False,False,False,True,False,True,False,False,True,False
39,0,0,1,9,7,2,2,2,0,36,0,0.762,True,False,False,False,True,False,True,False,True,False,False
31,0,0,4,5,5,1,4,1,0,27,12,0.776,True,False,False,True,False,False,True,False,False,False,True
34,0,0,2,6,11,0,3,0,0,13,4,0.65,False,True,False,True,False,False,True,False,False,False,True
36,0,0,5,4,7,0,3,0,0,30,4,0.635,True,False,False,False,True,False,True,False,False,False,True
31,0,0,5,5,7,2,2,0,0,52,13,0.782,True,False,False,True,False,True,False,False,False,False,True
29,0,0,1,9,10,0,2,2,0,42,0,0.68,True,False,False,True,False,False,False,True,True,False,False
32,1,0,3,5,5,0,0,1,0,32,13,0.85,False,True,False,False,True,False,True,False,True,False,False
45,0,0,8,4,9,5,3,0,1,53,7,0.656,True,False,True,False,False,False,True,False,False,True,False
42,0,0,7,10,7,3,1,1,0,70,0,0.652,True,False,True,False,False,False,True,False,False,False,True
41,1,0,6,11,5,5,0,0,1,69,7,0.85,False,True,False,False,True,False,True,False,False,False,True
23,0,0,9,5,1,1,5,0,2,16,2,0.703,False,True,False,False,True,False,True,False,False,False,True
27,0,0,4,7,9,0,6,0,1,26,0,0.65,True,False,False,True,False,False,True,False,False,True,False
38,0,0,9,5,10,4,1,2,0,33,1,0.741,True,False,True,False,False,False,True,False,False,False,True
43,0,0,5,10,7,3,4,0,2,60,15,0.719,True,False,True,False,False,False,True,False,False,True,False
29,0,0,7,17,10,0,0,0,0,31,6,0.778,False,True,False,False,True,True,False,False,True,False,False
23,0,0,5,11,9,3,3,1,1,62,0,0.676,False,True,False,False,True,True,False,False,True,False,False
40,0,0,7,7,0,3,2,0,0,28,0,0.789,True,False,True,False,False,False,True,False,True,False,False
34,0,0,2,5,11,4,0,0,0,55,0,0.95,True,False,False,True,False,True,False,False,False,True,False
32,0,0,4,6,2,1,0,0,1,59,20,0.66,True,False,True,False,False,False,True,False,False,False,True
17,0,0,5,1,6,0,4,1,0,49,9,0.726,True,False,False,False,True,False,True,False,False,False,True
33,0,0,6,7,9,2,0,1,0,23,19,0.687,True,False,False,False,True,False,True,False,False,False,True
43,0,0,7,5,6,1,5,1,0,2,5,0.734,False,True,True,False,False,False,False,True,False,False,True
43,0,0,5,8,6,6,2,1,0,41,0,0.95,True,False,False,False,True,False,True,False,False,True,False
22,0,0,3,6,8,0,0,1,0,43,16,0.687,True,False,False,True,False,True,False,False,False,True,False
19,0,0,7,6,13,1,4,2,1,32,3,0.769,False,True,True,False,False,True,False,False,False,False,True
31,0,0,5,13,8,3,2,0,1,57,7,0.668,False,True,False,False,True,True,False,False,False,False,True
36,0,0,8,3,7,1,1,0,3,16,8,0.95,True,False,True,False,False,False,False,True,False,True,False
29,1,0,4,8,0,5,0,0,0,35,1,0.85,False,True,False,False,True,False,True,False,False,True,False
32,0,0,7,6,8,1,4,0,0,52,8,0.555,False,True,True,False,False,False,True,False,False,False,True
32,0,0,5,4,4,0,3,0,3,61,3,0.718,True,False,False,True,False,False,True,False,False,False,True
40,0,0,5,8,9,1,1,0,0,33,8,0.764,True,False,False,True,False,True,False,False,False,False,True
37,0,0,8,3,9,0,7,1,2,52,0,0.779,False,True,False,True,False,False,False,True,False,False,True
33,0,0,8,7,6,1,2,0,1,56,15,0.682,True,False,True,False,False,True,False,False,True,False,False
28,0,0,6,8,13,0,4,0,0,57,11,0.745,True,False,False,False,True,True,False,False,False,False,True
34,0,0,1,16,14,4,5,2,1,40,5,0.705,True,False,False,True,False,True,False,False,False,False,True
34,0,0,4,8,4,0,0,0,0,0,17,0.718,False,True,False,True,False,False,True,False,True,False,False
26,0,0,2,5,8,4,4,0,3,33,11,0.81,False,True,False,True,False,True,False,False,False,False,True
44,0,0,6,9,6,5,1,2,1,46,10,0.627,False,True,False,False,True,True,False,False,False,True,False
31,0,0,4,6,7,2,3,0,0,48,22,0.774,False,True,False,True,False,False,True,False,False,False,True
35,0,0,5,7,4,2,2,2,1,42,12,0.697,True,False,False,False,True,False,False,True,False,False,True
35,0,0,0,5,3,1,0,0,1,9,10,0.616,True,False,False,True,False,False,False,True,False,True,False
38,0,0,11,5,9,2,0,0,0,61,16,0.795,True,False,True,False,False,False,False,True,False,False,True
39,0,0,9,6,5,2,1,0,3,26,10,0.695,False,True,True,False,False,False,False,True,False,True,False
41,0,0,4,4,5,3,0,1,0,57,3,0.726,True,False,False,True,False,False,True,False,True,False,False
27,0,0,3,7,5,1,2,2,0,29,23,0.893,False,True,False,True,False,False,True,False,False,True,False
24,0,0,3,4,5,1,0,1,0,50,9,0.707,False,True,False,False,True,True,False,False,False,True,False
37,0,0,6,8,7,1,0,0,0,29,6,0.718,True,False,True,False,False,False,True,False,False,True,False
35,0,1,9,7,2,3,2,1,0,58,8,0.85,True,False,False,False,True,False,True,False,True,False,False
19,0,0,2,6,8,3,6,0,2,74,3,0.842,True,False,False,False,True,True,False,False,False,False,True
34,0,0,4,9,1,5,3,1,0,13,3,0.868,False,True,False,False,True,False,False,True,False,True,False
23,0,0,9,4,7,2,2,0,2,42,5,0.699,True,False,False,False,True,False,True,False,False,False,True
35,0,0,4,12,13,2,3,3,2,52,13,0.802,True,False,False,False,True,True,False,False,False,True,False
42,0,0,0,5,9,3,1,0,0,21,3,0.69,True,False,False,True,False,False,False,True,False,True,False
39,0,0,6,5,10,3,0,0,0,39,8,0.95,False,True,True,False,False,True,False,False,False,False,True
34,0,0,5,6,3,3,4,1,0,32,11,0.714,True,False,False,False,True,False,False,True,False,False,True
29,0,0,4,3,8,0,0,0,0,52,12,0.672,False,True,False,True,False,True,False,False,False,False,True
23,0,0,5,8,9,1,2,0,0,38,0,0.746,True,False,False,False,True,False,True,False,False,False,True
27,0,1,4,6,4,3,0,1,0,59,10,0.85,False,True,False,False,True,False,False,True,False,False,True
37,1,0,8,4,11,2,5,0,1,54,8,0.85,True,False,True,False,False,True,False,False,False,False,True
42,0,0,9,5,11,2,2,0,4,2,8,0.93,True,False,False,False,True,True,False,False,False,False,True
39,0,0,7,9,12,0,4,0,0,16,5,0.802,True,False,False,True,False,True,False,False,False,False,True
40,0,0,8,4,3,4,0,0,0,21,13,0.807,False,True,True,False,False,False,False,True,False,False,True
35,1,0,5,5,9,0,1,0,0,47,9,0.85,False,True,False,False,True,True,False,False,False,False,True
18,0,0,3,4,9,2,0,0,0,21,7,0.578,False,True,False,False,True,False,False,True,True,False,False
23,0,0,1,3,4,0,3,2,0,40,6,0.68,True,False,False,False,True,False,False,True,False,False,True
38,0,0,6,2,7,1,3,0,0,43,6,0.781,False,True,False,True,False,True,False,False,False,False,True
18,0,0,1,8,5,4,1,0,2,0,6,0.652,True,False,False,True,False,True,False,False,False,True,False
24,0,0,8,5,9,0,1,2,0,10,9,0.918,True,False,True,False,False,True,False,False,False,False,True
37,0,0,5,1,0,0,0,0,2,36,4,0.742,False,True,False,False,True,False,False,True,False,False,True
24,0,0,3,6,9,2,5,0,0,81,8,0.792,False,True,False,False,True,False,True,False,False,True,False
35,0,0,3,8,16,1,8,2,1,15,9,0.662,False,True,True,False,False,True,False,False,False,True,False
20,0,0,2,4,0,2,1,2,1,42,10,0.741,True,False,False,True,False,False,True,False,False,True,False
37,0,1,5,3,13,0,3,1,0,36,7,0.85,True,False,False,False,True,True,False,False,False,True,False
43,0,0,3,0,4,0,1,2,0,24,0,0.64,True,False,False,False,True,False,False,True,False,True,False
42,0,0,5,2,9,3,2,0,1,48,9,0.772,True,False,False,True,False,True,False,False,False,False,True
36,0,0,3,10,11,1,4,0,0,66,4,0.607,True,False,False,True,False,True,False,False,False,True,False
32,0,0,2,5,8,6,4,0,2,44,8,0.736,True,False,False,False,True,True,False,False,False,True,False
21,0,0,7,8,0,1,0,0,3,20,16,0.727,True,False,False,False,True,False,False,True,False,False,True
21,0,0,4,11,10,4,0,2,0,9,7,0.837,True,False,False,False,True,True,False,False,False,False,True
31,0,0,6,4,11,4,2,2,0,61,11,0.95,False,True,False,False,True,True,False,False,False,False,True
25,0,0,3,6,8,4,1,0,0,0,15,0.765,False,True,False,True,False,True,False,False,False,False,True
20,0,0,8,5,3,0,1,0,1,39,10,0.696,True,False,False,False,True,False,True,False,False,False,True
22,0,0,8,8,5,0,2,1,1,35,0,0.722,False,True,True,False,False,False,True,False,False,True,False
22,0,0,10,7,5,1,1,1,2,60,10,0.861,False,True,False,False,True,True,False,False,False,True,False
31,0,0,5,4,0,1,0,0,1,42,15,0.601,False,True,False,True,False,False,False,True,False,False,True
29,0,0,4,9,10,4,2,0,0,25,9,0.804,True,False,False,False,True,True,False,False,False,False,True
23,0,0,3,8,11,0,5,0,3,1,8,0.766,True,False,False,False,True,False,False,True,True,False,False
20,0,0,3,9,10,0,2,3,0,28,9,0.756,False,True,False,False,True,True,False,False,False,False,True
25,0,0,5,12,14,2,3,0,1,17,6,0.821,True,False,True,False,False,True,False,False,False,True,False
19,0,0,3,5,9,3,0,0,0,0,5,0.682,True,False,False,False,True,False,False,True,True,False,False
38,0,0,5,6,6,3,1,0,1,52,2,0.785,False,True,True,False,False,True,False,False,False,False,True
26,0,1,10,9,8,2,0,2,1,27,0,0.85,True,False,True,False,False,False,False,True,False,True,False
21,0,0,4,10,6,1,6,1,0,57,5,0.627,True,False,False,True,False,True,False,False,False,True,False
24,0,0,4,8,12,2,3,1,2,52,8,0.73,True,False,False,True,False,False,True,False,False,False,True
35,0,0,4,9,7,1,0,0,0,30,7,0.649,False,True,False,False,True,False,True,False,False,False,True
40,0,0,2,3,4,1,1,0,1,22,0,0.665,True,False,False,True,False,False,False,True,False,False,True
34,0,0,4,8,8,0,5,0,0,32,4,0.774,True,False,True,False,False,True,False,False,False,False,True
43,0,1,4,5,0,3,1,0,0,48,5,0.85,False,True,False,True,False,False,False,True,False,True,False
35,0,0,7,7,5,3,4,0,1,73,8,0.758,True,False,False,False,True,False,False,True,False,False,True
39,0,0,0,0,1,0,0,1,0,34,0,0.745,True,False,False,True,False,False,True,False,True,False,False
17,0,0,8,6,13,1,4,0,2,42,0,0.816,True,False,True,False,False,True,False,False,False,False,True
32,0,0,4,4,7,2,3,0,2,17,12,0.789,False,True,False,False,True,False,True,False,False,False,True
39,1,0,5,9,5,4,6,0,1,28,13,0.85,False,True,True,False,False,False,True,False,False,False,True
17,1,0,5,8,11,0,6,4,0,35,15,0.85,False,True,False,False,True,False,True,False,False,False,True
27,0,0,6,4,7,7,1,2,0,43,1,0.712,False,True,False,True,False,True,False,False,True,False,False
19,0,0,2,10,6,3,0,0,0,34,7,0.802,False,True,False,False,True,False,True,False,False,False,True
25,0,0,6,12,6,1,0,3,2,40,13,0.696,False,True,True,False,False,False,True,False,False,True,False
33,0,0,6,8,9,1,5,0,3,9,10,0.765,False,True,True,False,False,False,True,False,False,True,False
36,0,0,8,9,10,4,0,1,0,10,1,0.84,True,False,True,False,False,True,False,False,False,False,True
19,0,0,7,5,11,0,7,0,2,60,9,0.684,False,True,False,False,True,False,True,False,False,False,True
40,0,0,6,3,8,1,1,2,0,35,4,0.758,True,False,False,True,False,True,False,False,False,True,False
24,0,0,6,8,6,3,4,2,0,51,2,0.871,True,False,True,False,False,True,False,False,False,False,True
25,0,0,0,1,5,2,2,0,0,38,0,0.698,True,False,False,True,False,False,False,True,False,True,False
32,0,0,3,14,6,4,0,0,0,50,13,0.681,False,True,False,False,True,True,False,False,False,True,False
26,0,0,4,8,6,0,3,2,0,49,0,0.76,False,True,False,True,False,True,False,False,False,False,True
29,0,0,6,6,9,3,2,0,0,51,2,0.95,True,False,True,False,False,True,False,False,False,False,True
36,0,0,4,9,6,6,1,1,0,41,9,0.874,False,True,True,False,False,True,False,False,False,False,True
37,0,0,5,7,4,0,0,3,2,38,0,0.8,True,False,False,True,False,False,True,False,False,False,True
44,0,0,4,2,7,5,0,0,0,26,0,0.586,True,False,True,False,False,False,False,True,False,True,False
35,0,0,3,6,0,0,2,2,0,18,0,0.737,False,True,False,True,False,False,True,False,False,False,True
29,0,0,1,6,5,2,5,1,0,24,5,0.705,True,False,False,True,False,False,True,False,False,False,True
20,0,0,9,9,2,2,1,3,2,38,1,0.889,True,False,False,False,True,False,True,False,False,False,True
19,0,0,7,5,11,3,2,0,1,12,8,0.95,False,True,True,False,False,True,False,False,False,False,True
19,0,0,7,4,6,0,1,1,0,52,20,0.751,False,True,False,False,True,False,True,False,False,False,True
24,0,0,1,2,12,0,2,0,2,53,14,0.95,True,False,False,True,False,True,False,False,True,False,False
26,0,0,7,3,4,0,3,1,0,22,11,0.713,False,True,True,False,False,False,False,True,False,False,True
38,0,0,3,5,5,3,0,1,1,37,14,0.73,True,False,False,True,False,True,False,False,False,True,False
29,0,0,4,7,8,0,0,0,1,44,1,0.813,False,True,False,True,False,False,True,False,False,False,True
19,0,0,4,11,8,5,0,3,2,24,9,0.663,True,False,False,False,True,True,False,False,False,True,False
19,0,0,5,6,0,0,1,0,1,13,9,0.592,True,False,False,True,False,False,True,False,False,True,False
17,0,0,8,11,11,4,1,2,0,62,15,0.876,True,False,True,False,False,True,False,False,False,True,False
37,1,0,3,2,7,2,4,1,2,52,3,0.85,True,False,False,True,False,True,False,False,False,False,True
41,0,0,4,2,6,0,0,0,2,9,0,0.702,False,True,False,False,True,False,True,False,False,True,False
42,0,0,5,4,9,0,3,0,1,66,5,0.926,False,True,False,True,False,True,False,False,False,False,True
39,0,0,5,10,14,0,3,1,1,60,11,0.911,True,False,True,False,False,True,False,False,False,False,True
18,0,0,9,5,7,0,4,2,0,0,13,0.674,True,False,True,False,False,False,True,False,False,False,True
18,0,0,5,3,9,1,2,0,1,29,6,0.583,True,False,False,True,False,False,True,False,False,True,False
36,0,0,2,8,7,1,0,1,1,3,13,0.835,False,True,False,False,True,True,False,False,False,True,False
36,0,0,5,10,3,0,0,3,4,22,3,0.638,True,False,False,True,False,True,False,False,False,False,True
24,0,0,10,10,8,1,1,0,1,42,15,0.614,False,True,True,False,False,False,False,True,False,True,False
44,1,0,3,2,9,3,2,2,1,16,19,0.85,True,False,False,True,False,True,False,False,False,False,True
41,0,0,5,7,14,4,2,0,0,0,11,0.822,True,False,True,False,False,True,False,False,False,False,True
29,0,0,4,2,5,1,1,0,0,3,0,0.744,False,True,False,True,False,False,True,False,False,False,True
32,0,0,3,7,2,2,0,0,1,30,17,0.916,False,True,False,False,True,False,True,False,False,True,False
26,0,0,5,8,5,0,2,0,1,43,3,0.79,False,True,False,False,True,False,True,False,False,True,False
23,0,0,6,9,11,2,1,0,1,31,13,0.809,True,False,True,False,False,True,False,False,False,False,True
41,0,0,2,0,6,2,0,0,4,30,22,0.76,False,True,False,False,True,False,False,True,False,True,False
29,0,1,5,5,6,0,2,0,0,35,6,0.85,False,True,False,True,False,False,True,False,False,False,True
33,0,0,2,7,5,0,0,0,0,20,6,0.696,False,True,False,True,False,False,True,False,False,False,True
35,0,1,0,8,8,5,5,3,0,42,0,0.85,False,True,False,True,False,True,False,False,True,False,False
41,0,0,3,6,8,1,2,0,0,49,16,0.796,True,False,False,True,False,True,False,False,False,False,True
34,0,0,9,10,8,0,3,1,0,64,15,0.752,True,False,True,False,False,True,False,False,True,False,False
